,stock,prediction,content
0,aa,negative,1
1,aacq,neutral,1
2,aacq,positive,1
3,aal,negative,4
4,aal,neutral,15
5,aal,positive,15
6,aame,neutral,1
7,aapl,negative,36
8,aapl,neutral,181
9,aapl,positive,94
10,ab,negative,1
11,ab,neutral,2
12,ab,positive,4
13,abbv,negative,2
14,abbv,neutral,6
15,abbv,positive,8
16,abc,negative,3
17,abc,neutral,3
18,abc,positive,1
19,abio,positive,1
20,abt,negative,2
21,abt,neutral,6
22,abt,positive,8
23,acad,neutral,1
24,acb,negative,8
25,acb,neutral,52
26,acb,positive,32
27,acc,negative,9
28,acc,neutral,8
29,acc,positive,7
30,acet,neutral,1
31,ach,positive,1
32,acls,neutral,1
33,acn,neutral,1
34,acor,neutral,2
35,acre,neutral,1
36,adap,neutral,1
37,adbe,neutral,7
38,adbe,positive,7
39,ades,neutral,1
40,adm,negative,2
41,adma,neutral,2
42,admp,negative,2
43,admp,neutral,3
44,admp,positive,2
45,adp,positive,1
46,ads,negative,2
47,ads,neutral,5
48,ads,positive,5
49,adt,positive,2
50,adtx,neutral,17
51,adtx,positive,3
52,adx,neutral,1
53,adxs,neutral,1
54,adxs,positive,1
55,ae,positive,1
56,aemd,neutral,2
57,aeo,neutral,1
58,aese,negative,2
59,aese,neutral,11
60,aese,positive,4
61,ag,neutral,1
62,age,negative,1
63,age,neutral,5
64,age,positive,7
65,agg,positive,1
66,agnc,positive,1
67,ago,negative,7
68,ago,neutral,14
69,ago,positive,30
70,ahh,negative,2
71,ahh,neutral,9
72,ahh,positive,16
73,aht,neutral,9
74,aht,positive,4
75,aig,neutral,3
76,aihs,positive,1
77,aiki,neutral,1
78,aiki,positive,1
79,aim,negative,1
80,aim,neutral,1
81,aim,positive,6
82,air,negative,1
83,air,neutral,8
84,air,positive,8
85,akba,neutral,8
86,aker,negative,1
87,akro,neutral,1
88,akts,positive,3
89,al,positive,1
90,alfa,neutral,1
91,alg,negative,1
92,alg,neutral,1
93,alg,positive,3
94,algn,neutral,2
95,algn,positive,1
96,alsk,positive,1
97,alt,negative,2
98,amc,neutral,2
99,amc,positive,3
100,amci,neutral,1
101,amcr,neutral,1
102,amd,negative,38
103,amd,neutral,153
104,amd,positive,162
105,amed,positive,3
106,amh,positive,1
107,amlp,negative,1
108,amp,positive,3
109,ampe,positive,1
110,ampy,neutral,2
111,amrh,neutral,1
112,amst,neutral,1
113,amtx,negative,1
114,amtx,positive,1
115,amwl,neutral,5
116,amwl,positive,4
117,amzn,negative,13
118,amzn,neutral,53
119,amzn,positive,46
120,aoa,negative,3
121,aok,negative,3
122,aom,negative,3
123,aout,negative,1
124,aout,positive,1
125,ap,neutral,2
126,ap,positive,1
127,apdn,neutral,2
128,apha,negative,1
129,apha,neutral,5
130,apha,positive,2
131,api,neutral,4
132,aple,positive,2
133,appn,neutral,1
134,apps,negative,4
135,apps,neutral,23
136,apps,positive,14
137,apre,negative,3
138,apsg,neutral,1
139,apt,neutral,2
140,aptx,neutral,1
141,apvo,neutral,2
142,apvo,positive,4
143,apxt,negative,3
144,apxt,neutral,9
145,apxt,positive,1
146,aqb,neutral,1
147,aqb,positive,2
148,aqua,positive,1
149,ar,neutral,1
150,arco,neutral,1
151,arec,neutral,11
152,arec,positive,6
153,arkf,neutral,2
154,arkf,positive,4
155,arkg,neutral,3
156,arkg,positive,1
157,arkk,negative,1
158,arkk,neutral,9
159,arkk,positive,9
160,arkq,neutral,1
161,arkq,positive,1
162,arkw,neutral,1
163,arkw,positive,1
164,arry,neutral,3
165,arry,positive,1
166,artl,negative,1
167,artl,neutral,1
168,artl,positive,1
169,asan,neutral,1
170,ash,positive,1
171,asln,positive,3
172,asmb,neutral,2
173,asrt,neutral,1
174,astc,neutral,3
175,astc,positive,1
176,asx,neutral,3
177,asx,positive,1
178,atec,neutral,1
179,atec,positive,2
180,atif,neutral,2
181,atnf,positive,1
182,atom,positive,1
183,atr,negative,1
184,atvi,negative,4
185,atvi,neutral,12
186,atvi,positive,12
187,auph,negative,2
188,auph,neutral,1
189,avgo,neutral,4
190,avgo,positive,4
191,avgr,neutral,2
192,avgr,positive,1
193,avo,neutral,2
194,avya,neutral,1
195,avya,positive,2
196,awk,neutral,2
197,awk,positive,3
198,axas,negative,1
199,axu,positive,1
200,ay,negative,1
201,ay,neutral,2
202,ay,positive,1
203,ayro,negative,1
204,ayro,neutral,10
205,aytu,neutral,1
206,aytu,positive,1
207,azn,neutral,8
208,azn,positive,2
209,b,negative,1
210,b,neutral,12
211,b,positive,5
212,ba,negative,22
213,ba,neutral,83
214,ba,positive,53
215,baba,negative,25
216,baba,neutral,70
217,baba,positive,71
218,bac,neutral,16
219,bac,positive,13
220,bam,negative,1
221,bam,neutral,1
222,bam,positive,2
223,band,negative,2
224,band,neutral,2
225,bap,positive,1
226,bar,negative,5
227,bar,neutral,4
228,bar,positive,5
229,bb,neutral,3
230,bb,positive,6
231,bbby,positive,6
232,bbc,positive,1
233,bbgi,positive,1
234,bbi,neutral,1
235,bbw,neutral,1
236,bbw,positive,2
237,bby,negative,1
238,bby,neutral,10
239,bcli,neutral,3
240,bcrx,neutral,1
241,bctg,positive,2
242,bdn,neutral,1
243,beam,neutral,3
244,beem,neutral,1
245,beke,neutral,4
246,beke,positive,1
247,ben,negative,2
248,ben,neutral,4
249,ben,positive,7
250,bep,positive,3
251,bepc,positive,1
252,bft,neutral,2
253,bgi,negative,1
254,bgi,neutral,1
255,bidu,neutral,3
256,bigc,negative,1
257,bigc,neutral,6
258,bigc,positive,6
259,biib,neutral,8
260,biib,positive,3
261,bil,negative,1
262,bil,neutral,1
263,bil,positive,2
264,bili,neutral,1
265,bili,positive,2
266,bill,negative,5
267,bill,neutral,18
268,bill,positive,22
269,bimi,negative,1
270,bimi,neutral,3
271,bio,negative,1
272,bio,neutral,14
273,bio,positive,2
274,bj,neutral,3
275,bkng,neutral,13
276,bkng,positive,9
277,bkr,neutral,1
278,bkyi,negative,1
279,bkyi,neutral,4
280,bkyi,positive,3
281,blcm,neutral,1
282,blcn,neutral,1
283,blnk,negative,3
284,blnk,neutral,16
285,blnk,positive,12
286,blok,neutral,1
287,blu,positive,1
288,blue,negative,8
289,blue,neutral,19
290,blue,positive,20
291,bmy,negative,3
292,bmy,neutral,7
293,bmy,positive,7
294,bngo,negative,3
295,bngo,neutral,8
296,bngo,positive,4
297,bnso,neutral,1
298,bntx,neutral,1
299,bntx,positive,1
300,boe,positive,1
301,bond,neutral,1
302,bond,positive,4
303,boot,neutral,2
304,boot,positive,1
305,borr,negative,1
306,borr,neutral,1
307,botz,neutral,2
308,box,negative,4
309,box,neutral,13
310,box,positive,3
311,boxl,neutral,2
312,boxl,positive,1
313,bp,neutral,5
314,bp,positive,9
315,brqs,negative,1
316,brqs,neutral,2
317,brqs,positive,3
318,bse,neutral,1
319,bse,positive,1
320,bsy,positive,1
321,bte,neutral,2
322,bte,positive,1
323,bto,neutral,9
324,bto,positive,4
325,btu,neutral,5
326,bug,neutral,5
327,bug,positive,1
328,bw,negative,3
329,bxrx,neutral,2
330,byd,positive,1
331,byfc,negative,1
332,byfc,neutral,1
333,byfc,positive,3
334,bynd,negative,23
335,bynd,neutral,73
336,bynd,positive,85
337,bysi,neutral,1
338,caas,neutral,5
339,caas,positive,1
340,cag,positive,1
341,cah,positive,6
342,cake,negative,1
343,cake,neutral,4
344,cake,positive,1
345,cal,neutral,3
346,cal,positive,6
347,calm,negative,4
348,calm,positive,9
349,cang,neutral,1
350,car,neutral,2
351,car,positive,3
352,care,negative,2
353,care,neutral,1
354,care,positive,4
355,cars,negative,8
356,cars,neutral,5
357,cars,positive,10
358,carv,neutral,2
359,carv,positive,2
360,cat,negative,6
361,cat,neutral,1
362,cat,positive,4
363,catb,neutral,2
364,catb,positive,3
365,catm,neutral,1
366,cato,positive,1
367,cbat,negative,4
368,cbat,neutral,10
369,cbat,positive,9
370,cbd,negative,1
371,cbd,positive,1
372,cbli,neutral,2
373,cboe,neutral,1
374,cc,neutral,12
375,ccl,negative,2
376,ccl,neutral,10
377,ccl,positive,17
378,ccm,positive,1
379,cco,negative,1
380,cco,neutral,1
381,ccx,neutral,1
382,ccx,positive,1
383,cdc,negative,1
384,cdc,neutral,1
385,cdc,positive,1
386,cel,neutral,1
387,cel,positive,1
388,celh,neutral,3
389,celh,positive,1
390,cent,negative,1
391,cent,neutral,3
392,cent,positive,9
393,ceo,negative,4
394,ceo,neutral,10
395,ceo,positive,10
396,cetx,neutral,1
397,cfii,negative,1
398,cfii,positive,2
399,cfo,negative,1
400,cfo,neutral,2
401,cfo,positive,1
402,cgc,negative,1
403,cgc,neutral,22
404,cgc,positive,14
405,cgix,neutral,1
406,cgro,positive,1
407,cgrou,positive,1
408,cha,neutral,6
409,cha,positive,3
410,chef,positive,1
411,chfs,negative,1
412,chfs,positive,1
413,chgg,negative,2
414,chgg,neutral,3
415,chgg,positive,8
416,chu,neutral,3
417,chwy,negative,1
418,chwy,neutral,6
419,chwy,positive,2
420,cia,negative,1
421,cia,neutral,1
422,cidm,negative,1
423,cidm,neutral,7
424,cidm,positive,1
425,ciic,negative,2
426,ciic,neutral,5
427,ciic,positive,4
428,cim,negative,1
429,cjjd,neutral,1
430,cl,neutral,2
431,clbs,neutral,1
432,cldr,neutral,1
433,cldr,positive,1
434,cleu,neutral,1
435,clf,neutral,1
436,clir,neutral,1
437,clne,neutral,1
438,clny,negative,1
439,clny,neutral,1
440,clsk,neutral,1
441,clsk,positive,4
442,clsn,negative,1
443,clsn,neutral,2
444,clvs,neutral,2
445,clx,neutral,1
446,cme,neutral,1
447,cme,positive,1
448,cmg,neutral,6
449,cmg,positive,1
450,cms,positive,1
451,cna,positive,1
452,cnk,negative,1
453,co,negative,1
454,co,neutral,2
455,co,positive,3
456,cocp,neutral,1
457,cocp,positive,2
458,codx,negative,1
459,codx,neutral,2
460,cog,neutral,3
461,cogt,positive,1
462,coke,negative,4
463,coke,neutral,6
464,cold,negative,3
465,cold,neutral,2
466,cold,positive,6
467,comb,positive,1
468,comm,positive,1
469,conn,neutral,1
470,coo,negative,4
471,coo,positive,1
472,cop,negative,2
473,cop,neutral,3
474,cop,positive,1
475,core,neutral,2
476,core,positive,3
477,corn,negative,1
478,corp,negative,1
479,corp,neutral,4
480,corp,positive,4
481,cort,neutral,1
482,cost,negative,7
483,cost,neutral,24
484,cost,positive,50
485,coty,neutral,3
486,coup,positive,6
487,cow,positive,3
488,cown,neutral,3
489,cpah,neutral,2
490,cper,positive,1
491,cphi,neutral,1
492,cprx,neutral,1
493,crbp,neutral,1
494,crbp,positive,3
495,creg,neutral,1
496,crex,neutral,1
497,crhc,neutral,1
498,cris,neutral,2
499,cris,positive,1
500,crk,neutral,2
501,crk,positive,1
502,crm,negative,9
503,crm,neutral,25
504,crm,positive,18
505,crnc,positive,1
506,crnt,positive,1
507,crox,negative,3
508,crsp,neutral,1
509,crsr,neutral,21
510,crsr,positive,18
511,crwd,negative,1
512,crwd,neutral,7
513,crwd,positive,3
514,cs,neutral,2
515,csco,negative,4
516,csco,neutral,2
517,csiq,neutral,1
518,csiq,positive,1
519,cspr,positive,1
520,ctek,neutral,1
521,ctib,neutral,1
522,ctic,neutral,1
523,ctva,neutral,3
524,ctxr,neutral,1
525,cube,positive,3
526,cure,negative,3
527,cure,neutral,2
528,cure,positive,2
529,cveo,neutral,1
530,cvna,negative,2
531,cvna,neutral,4
532,cvna,positive,1
533,cvs,negative,1
534,cvs,neutral,9
535,cvs,positive,7
536,cvx,negative,1
537,cw,neutral,2
538,cwbr,neutral,1
539,cyrx,neutral,1
540,dada,neutral,1
541,dal,negative,2
542,dal,neutral,9
543,dal,positive,8
544,dao,neutral,1
545,dar,negative,1
546,dare,neutral,2
547,dbx,neutral,2
548,dbx,positive,1
549,dcf,neutral,2
550,dct,neutral,1
551,ddd,neutral,2
552,ddm,neutral,9
553,ddm,positive,6
554,ddog,neutral,8
555,ddog,positive,2
556,dds,neutral,1
557,dds,positive,2
558,de,positive,5
559,deck,neutral,1
560,deck,positive,1
561,deed,positive,1
562,deep,negative,4
563,deep,neutral,4
564,deep,positive,10
565,dell,neutral,1
566,dell,positive,3
567,dem,negative,1
568,dem,neutral,2
569,dem,positive,6
570,demz,neutral,1
571,demz,positive,1
572,denn,neutral,1
573,dg,neutral,2
574,dg,positive,1
575,dgly,negative,2
576,dgly,neutral,10
577,dgly,positive,2
578,dgnr,neutral,2
579,dgx,positive,1
580,dhr,neutral,2
581,dia,neutral,3
582,dial,positive,1
583,dig,negative,1
584,dig,positive,2
585,dis,negative,11
586,dis,neutral,23
587,dis,positive,37
588,dish,positive,3
589,div,negative,3
590,div,neutral,4
591,div,positive,5
592,dk,negative,1
593,dk,positive,1
594,dkng,negative,9
595,dkng,neutral,67
596,dkng,positive,56
597,dks,neutral,2
598,dlr,neutral,1
599,dly,neutral,1
600,dmac,positive,2
601,dms,negative,4
602,dms,neutral,5
603,dms,positive,4
604,dnk,neutral,4
605,dnkn,neutral,1
606,dnkn,positive,1
607,doc,negative,1
608,doc,positive,2
609,docu,negative,2
610,docu,neutral,14
611,docu,positive,8
612,dog,negative,2
613,dog,neutral,4
614,dog,positive,6
615,dogz,positive,1
616,domo,negative,1
617,domo,neutral,3
618,domo,positive,1
619,dow,negative,3
620,dow,neutral,10
621,dow,positive,7
622,doyu,negative,1
623,doyu,positive,2
624,dpw,negative,1
625,dpw,neutral,8
626,dpw,positive,7
627,dq,neutral,1
628,dri,neutral,3
629,drip,neutral,2
630,drip,positive,3
631,drrx,positive,1
632,ds,neutral,2
633,ds,positive,2
634,dss,negative,1
635,dss,positive,2
636,dt,negative,2
637,dt,neutral,3
638,dt,positive,2
639,dte,negative,1
640,dte,neutral,1
641,dte,positive,3
642,dual,negative,1
643,dual,positive,1
644,duo,positive,2
645,dust,neutral,2
646,dynt,positive,2
647,e,negative,1
648,e,neutral,3
649,e,positive,5
650,ea,neutral,1
651,ea,positive,1
652,eaf,neutral,1
653,ears,negative,2
654,ears,neutral,1
655,ears,positive,1
656,east,negative,1
657,east,neutral,1
658,east,positive,4
659,ebay,negative,1
660,ebay,neutral,2
661,ebay,positive,1
662,ebon,neutral,2
663,ecl,neutral,2
664,ecom,positive,1
665,econ,negative,3
666,econ,positive,2
667,ed,neutral,1
668,edit,neutral,1
669,edit,positive,1
670,edry,neutral,9
671,edry,positive,1
672,edsa,neutral,1
673,edtk,neutral,1
674,edu,neutral,2
675,eem,neutral,3
676,eem,positive,3
677,efr,positive,2
678,eft,positive,1
679,eh,negative,2
680,eh,neutral,6
681,eh,positive,12
682,ehth,positive,2
683,ello,neutral,2
684,eman,negative,1
685,eman,positive,2
686,emo,negative,1
687,eng,neutral,3
688,eng,positive,2
689,enph,negative,1
690,enph,neutral,5
691,enph,positive,7
692,ensv,positive,1
693,eod,negative,1
694,eod,positive,4
695,eps,neutral,3
696,eps,positive,6
697,eq,neutral,1
698,eq,positive,1
699,eric,positive,1
700,erx,neutral,1
701,es,negative,6
702,es,neutral,83
703,es,positive,21
704,esg,neutral,1
705,esgc,positive,1
706,esp,neutral,4
707,esp,positive,1
708,espr,neutral,1
709,essc,positive,2
710,esscw,positive,1
711,et,neutral,5
712,et,positive,6
713,etb,neutral,1
714,eth,neutral,6
715,eth,positive,2
716,eton,neutral,1
717,eton,positive,2
718,etsy,neutral,8
719,etsy,positive,8
720,ettx,neutral,3
721,ettx,positive,2
722,ev,neutral,3
723,ev,positive,2
724,eva,neutral,1
725,eva,positive,2
726,evfm,neutral,2
727,evgn,neutral,1
728,ew,neutral,8
729,ew,positive,2
730,ewj,neutral,1
731,ewt,neutral,1
732,eww,neutral,1
733,eww,positive,1
734,exas,negative,12
735,exas,neutral,25
736,exas,positive,54
737,exc,positive,1
738,exel,neutral,1
739,extn,positive,1
740,eye,negative,1
741,eye,neutral,3
742,eye,positive,8
743,fab,positive,1
744,fad,positive,1
745,fami,negative,1
746,fami,neutral,1
747,fan,negative,9
748,fan,neutral,1
749,fan,positive,9
750,fanh,positive,1
751,fate,negative,2
752,fate,positive,3
753,fax,neutral,5
754,fb,negative,24
755,fb,neutral,49
756,fb,positive,63
757,fbio,positive,1
758,fcel,neutral,6
759,fcel,positive,7
760,fcx,neutral,2
761,fcx,positive,1
762,fdx,negative,7
763,fdx,neutral,7
764,fdx,positive,7
765,fe,neutral,3
766,fe,positive,2
767,feac,negative,1
768,feac,neutral,6
769,feac,positive,2
770,feye,neutral,9
771,feye,positive,8
772,fico,neutral,1
773,fit,negative,1
774,fit,positive,11
775,five,negative,7
776,five,neutral,3
777,five,positive,7
778,fix,negative,3
779,fix,neutral,8
780,fizz,negative,1
781,fizz,neutral,1
782,fizz,positive,3
783,fl,negative,4
784,fl,neutral,4
785,fl,positive,1
786,fldm,neutral,5
787,flgt,neutral,1
788,flgt,positive,1
789,flir,neutral,1
790,flnt,negative,1
791,flow,negative,3
792,flow,neutral,19
793,flow,positive,16
794,flux,neutral,1
795,fly,negative,1
796,fly,neutral,7
797,fly,positive,9
798,fn,neutral,1
799,fnd,positive,3
800,fnko,negative,1
801,fnko,neutral,2
802,fnko,positive,2
803,fold,negative,1
804,ford,negative,1
805,ford,neutral,3
806,ford,positive,11
807,form,negative,5
808,form,neutral,7
809,form,positive,12
810,four,negative,2
811,four,neutral,1
812,four,positive,5
813,fox,negative,1
814,fox,neutral,2
815,fox,positive,1
816,fprx,neutral,1
817,fprx,positive,1
818,fr,negative,1
819,fr,neutral,4
820,fr,positive,2
821,fran,neutral,5
822,fran,positive,1
823,freq,positive,1
824,fri,negative,1
825,fro,positive,1
826,frog,neutral,5
827,frog,positive,4
828,frta,positive,1
829,fsd,positive,1
830,fsly,negative,8
831,fsly,neutral,39
832,fsly,positive,39
833,fsr,negative,1
834,fsr,neutral,17
835,fsr,positive,7
836,ftc,negative,1
837,ftek,neutral,1
838,ftsi,positive,1
839,fubo,neutral,7
840,fubo,positive,1
841,fund,negative,5
842,fund,neutral,12
843,fund,positive,22
844,fuse,neutral,3
845,fuse,positive,2
846,fut,negative,1
847,futu,neutral,1
848,fuv,negative,1
849,fuv,neutral,1
850,fuv,positive,1
851,fvrr,negative,2
852,fvrr,neutral,4
853,fvrr,positive,2
854,fxi,negative,1
855,g,negative,1
856,g,neutral,6
857,g,positive,9
858,gb,positive,1
859,gbdc,neutral,1
860,gci,positive,1
861,gdp,negative,2
862,gdp,neutral,1
863,gdp,positive,4
864,gdrx,neutral,1
865,gdrx,positive,2
866,gdx,positive,1
867,ge,neutral,15
868,ge,positive,8
869,gem,negative,1
870,gem,neutral,2
871,gem,positive,3
872,gen,neutral,3
873,gen,positive,2
874,geo,neutral,1
875,geo,positive,1
876,gern,neutral,1
877,ges,neutral,1
878,gevo,negative,2
879,gevo,neutral,11
880,gevo,positive,6
881,gf,negative,2
882,gf,positive,5
883,ggb,neutral,1
884,gik,negative,1
885,gik,neutral,1
886,gild,neutral,31
887,gild,positive,12
888,gim,neutral,10
889,gim,positive,2
890,gix,negative,1
891,gix,neutral,4
892,gix,positive,1
893,gl,positive,8
894,gld,neutral,5
895,gld,positive,6
896,gldi,neutral,1
897,glg,positive,1
898,glop,positive,1
899,glw,positive,3
900,gm,negative,5
901,gm,neutral,14
902,gm,positive,6
903,gmbl,neutral,6
904,gme,negative,3
905,gme,neutral,23
906,gme,positive,19
907,gmed,neutral,1
908,gnus,negative,8
909,gnus,neutral,36
910,gnus,positive,11
911,gogo,neutral,2
912,gogo,positive,4
913,golf,neutral,2
914,golf,positive,5
915,goog,neutral,5
916,goog,positive,2
917,googl,negative,3
918,googl,neutral,4
919,govt,negative,5
920,govt,neutral,4
921,govt,positive,3
922,govx,neutral,3
923,gp,neutral,2
924,gp,positive,1
925,gpro,neutral,2
926,gpro,positive,2
927,gps,neutral,3
928,gray,neutral,3
929,grfs,positive,1
930,grid,positive,2
931,gril,negative,2
932,gril,neutral,8
933,gril,positive,3
934,grmn,negative,3
935,grmn,positive,6
936,grnq,negative,3
937,grnq,neutral,5
938,grnq,positive,1
939,grpn,neutral,2
940,grpn,positive,2
941,grub,neutral,1
942,grub,positive,1
943,grwg,neutral,1
944,grwg,positive,3
945,gs,neutral,5
946,gs,positive,3
947,gsah,neutral,1
948,gsah,positive,1
949,gsky,neutral,1
950,gt,positive,1
951,guru,neutral,2
952,guru,positive,8
953,gush,neutral,8
954,gush,positive,11
955,h,negative,2
956,h,neutral,4
957,h,positive,2
958,hack,neutral,2
959,hail,positive,2
960,hal,negative,1
961,hall,neutral,1
962,hcac,neutral,3
963,hcac,positive,2
964,hcat,positive,1
965,hcch,positive,1
966,hd,negative,2
967,hd,neutral,18
968,hd,positive,13
969,hear,negative,9
970,hear,neutral,16
971,hear,positive,45
972,hepa,neutral,1
973,herd,positive,1
974,hero,negative,1
975,hero,positive,2
976,hes,negative,2
977,hes,neutral,3
978,hes,positive,5
979,hewj,neutral,1
980,hexo,neutral,12
981,hexo,positive,5
982,hgh,positive,1
983,hgsh,neutral,1
984,hgsh,positive,2
985,hii,positive,1
986,hil,neutral,1
987,hiw,neutral,1
988,hjli,neutral,1
989,hl,positive,4
990,hlx,neutral,1
991,hmhc,negative,1
992,hmhc,neutral,1
993,hofv,neutral,4
994,hol,neutral,1
995,holx,neutral,2
996,holx,positive,1
997,hook,neutral,3
998,hook,positive,3
999,hp,neutral,2
1000,hp,positive,1
1001,hpe,neutral,1
1002,hpq,neutral,5
1003,hpr,neutral,2
1004,hpr,positive,1
1005,hrb,positive,2
1006,hrl,positive,2
1007,htbx,neutral,3
1008,htbx,positive,1
1009,husa,negative,1
1010,husa,neutral,4
1011,husa,positive,1
1012,husn,negative,1
1013,husn,positive,2
1014,huya,neutral,2
1015,huya,positive,2
1016,hx,neutral,1
1017,hx,positive,1
1018,hyg,positive,3
1019,hylb,positive,1
1020,hyln,negative,6
1021,hyln,neutral,27
1022,hyln,positive,16
1023,hyre,positive,3
1024,iac,negative,3
1025,iag,neutral,1
1026,ibb,positive,4
1027,ibd,negative,1
1028,ibd,neutral,1
1029,ibio,negative,2
1030,ibio,neutral,10
1031,ibio,positive,2
1032,ibkr,neutral,2
1033,ibm,negative,2
1034,ibm,positive,1
1035,icd,neutral,1
1036,ice,negative,1
1037,ice,neutral,4
1038,ice,positive,1
1039,iclk,positive,1
1040,icln,neutral,4
1041,icln,positive,2
1042,icon,negative,1
1043,icon,neutral,3
1044,icon,positive,4
1045,ide,positive,1
1046,idex,negative,9
1047,idex,neutral,35
1048,idex,positive,16
1049,idt,positive,2
1050,idxg,neutral,1
1051,iea,negative,1
1052,iea,neutral,2
1053,iea,positive,4
1054,iep,positive,3
1055,ifrx,neutral,1
1056,ifs,negative,2
1057,ig,negative,1
1058,ig,neutral,8
1059,ig,positive,7
1060,igc,negative,3
1061,igc,neutral,5
1062,igc,positive,1
1063,iii,positive,1
1064,iipr,positive,1
1065,imac,neutral,2
1066,imh,neutral,1
1067,imrn,positive,1
1068,imux,neutral,1
1069,inaq,neutral,3
1070,inaq,positive,4
1071,ing,positive,3
1072,ino,negative,4
1073,ino,neutral,8
1074,ino,positive,3
1075,inod,neutral,1
1076,inpx,positive,1
1077,ins,neutral,1
1078,ins,positive,1
1079,insg,neutral,1
1080,insp,positive,1
1081,intc,negative,13
1082,intc,neutral,23
1083,intc,positive,25
1084,ip,negative,1
1085,ip,positive,1
1086,ipdn,neutral,1
1087,ipo,negative,10
1088,ipo,neutral,41
1089,ipo,positive,28
1090,ipob,negative,2
1091,ipob,neutral,7
1092,ipob,positive,3
1093,ipoc,neutral,2
1094,ipoc,positive,3
1095,ipod,neutral,1
1096,ipod,positive,2
1097,ipos,negative,2
1098,ipos,neutral,4
1099,ipos,positive,9
1100,iq,neutral,2
1101,ir,neutral,1
1102,irl,neutral,2
1103,irm,negative,3
1104,irm,neutral,6
1105,irm,positive,12
1106,irs,negative,2
1107,irs,positive,3
1108,isig,neutral,1
1109,isig,positive,1
1110,ita,neutral,2
1111,iti,negative,1
1112,iti,positive,1
1113,itrm,neutral,2
1114,ivr,neutral,5
1115,ivr,positive,7
1116,ivv,positive,1
1117,iwf,positive,1
1118,iwm,negative,3
1119,iwm,neutral,2
1120,iwm,positive,5
1121,iwn,positive,3
1122,izea,negative,5
1123,izea,neutral,12
1124,izea,positive,7
1125,jack,negative,4
1126,jack,neutral,3
1127,jack,positive,7
1128,jagx,negative,1
1129,jagx,neutral,4
1130,jagx,positive,5
1131,jakk,neutral,1
1132,jamf,neutral,1
1133,jamf,positive,3
1134,jbht,neutral,1
1135,jblu,neutral,4
1136,jblu,positive,3
1137,jd,neutral,25
1138,jd,positive,9
1139,jdd,neutral,1
1140,je,negative,3
1141,je,neutral,2
1142,je,positive,5
1143,jepi,negative,2
1144,jepi,neutral,6
1145,jepi,positive,3
1146,jets,negative,1
1147,jets,neutral,2
1148,jets,positive,4
1149,jfin,positive,3
1150,jfu,neutral,8
1151,jill,neutral,1
1152,jks,negative,8
1153,jks,neutral,21
1154,jks,positive,17
1155,jmia,negative,4
1156,jmia,neutral,11
1157,jmia,positive,6
1158,jnj,negative,2
1159,jnj,neutral,4
1160,jnj,positive,2
1161,jnug,negative,2
1162,jnug,neutral,10
1163,jobs,negative,2
1164,jobs,neutral,5
1165,jobs,positive,6
1166,joe,negative,1
1167,joe,positive,9
1168,jp,neutral,3
1169,jp,positive,1
1170,jpm,negative,1
1171,jpm,neutral,11
1172,jpm,positive,15
1173,jwn,negative,1
1174,jwn,neutral,4
1175,jwn,positive,6
1176,jws,neutral,1
1177,kb,positive,9
1178,kc,positive,1
1179,kelyb,negative,1
1180,kelyb,neutral,1
1181,kern,neutral,3
1182,kern,positive,1
1183,keys,neutral,2
1184,keys,positive,1
1185,kids,negative,1
1186,kids,positive,1
1187,kim,neutral,3
1188,kim,positive,3
1189,kirk,neutral,9
1190,kirk,positive,1
1191,kmb,negative,3
1192,kndi,neutral,7
1193,ko,negative,9
1194,ko,neutral,19
1195,ko,positive,28
1196,kod,neutral,2
1197,kod,positive,2
1198,kodk,neutral,14
1199,kodk,positive,6
1200,koin,neutral,1
1201,kop,neutral,1
1202,kos,neutral,1
1203,kos,positive,1
1204,kr,neutral,2
1205,kr,positive,3
1206,ktov,neutral,1
1207,ktov,positive,1
1208,kw,neutral,2
1209,kxin,negative,2
1210,kxin,neutral,9
1211,kxin,positive,2
1212,kzia,negative,1
1213,kzia,neutral,1
1214,labd,neutral,2
1215,labu,neutral,5
1216,lac,neutral,1
1217,lac,positive,1
1218,laix,neutral,1
1219,lake,negative,1
1220,lake,neutral,1
1221,land,negative,1
1222,land,neutral,4
1223,land,positive,6
1224,laws,neutral,3
1225,laws,positive,3
1226,lazr,neutral,4
1227,lazr,positive,1
1228,lca,negative,1
1229,lca,neutral,11
1230,lca,positive,5
1231,ldos,positive,2
1232,lead,neutral,2
1233,lead,positive,3
1234,lee,neutral,1
1235,lend,neutral,1
1236,levi,negative,2
1237,levi,neutral,1
1238,lgvw,neutral,4
1239,lgvw,positive,2
1240,li,neutral,6
1241,li,positive,2
1242,lin,neutral,1
1243,lit,negative,3
1244,lit,neutral,4
1245,lit,positive,3
1246,lite,negative,5
1247,lite,neutral,11
1248,lite,positive,10
1249,livx,neutral,1
1250,lizi,neutral,4
1251,lkq,neutral,2
1252,llnw,neutral,4
1253,llnw,positive,6
1254,lly,neutral,4
1255,lly,positive,4
1256,lmfa,positive,1
1257,lmnd,negative,3
1258,lmnd,neutral,10
1259,lmnd,positive,1
1260,lmnl,negative,2
1261,lmnl,neutral,14
1262,lmnl,positive,4
1263,lmt,negative,1
1264,lmt,neutral,5
1265,lmt,positive,2
1266,loan,negative,1
1267,loan,neutral,3
1268,loan,positive,11
1269,lob,positive,1
1270,logi,neutral,8
1271,logi,positive,14
1272,loop,neutral,2
1273,loop,positive,1
1274,lpcn,negative,1
1275,lpcn,neutral,5
1276,lpcn,positive,1
1277,lpi,neutral,1
1278,lqd,positive,1
1279,lspd,positive,1
1280,ltc,positive,1
1281,lthm,positive,1
1282,lu,positive,2
1283,lulu,negative,1
1284,lulu,neutral,18
1285,lulu,positive,22
1286,luna,negative,3
1287,luna,positive,3
1288,lung,negative,1
1289,luv,neutral,1
1290,luv,positive,5
1291,lvs,neutral,3
1292,lyft,neutral,1
1293,lyft,positive,5
1294,lyl,positive,8
1295,lzb,neutral,1
1296,maga,neutral,2
1297,manu,neutral,1
1298,mara,negative,12
1299,mara,neutral,14
1300,mara,positive,7
1301,maxn,neutral,1
1302,maxn,positive,2
1303,mbot,negative,1
1304,mbot,neutral,2
1305,mc,positive,1
1306,mcac,neutral,3
1307,mcd,negative,3
1308,mcd,neutral,3
1309,mcd,positive,10
1310,mcfe,positive,2
1311,mdb,neutral,4
1312,mdb,positive,7
1313,mdgs,negative,1
1314,mdgs,neutral,4
1315,mdia,negative,1
1316,mdia,positive,1
1317,mdly,negative,1
1318,mdly,positive,1
1319,mdlz,positive,2
1320,mdrr,negative,1
1321,med,neutral,1
1322,med,positive,1
1323,meds,neutral,1
1324,mei,neutral,1
1325,mei,positive,2
1326,meli,positive,3
1327,men,positive,1
1328,mesa,neutral,1
1329,meso,negative,1
1330,meso,positive,2
1331,met,negative,1
1332,met,neutral,4
1333,met,positive,3
1334,mfa,neutral,1
1335,mfa,positive,2
1336,mfh,negative,1
1337,mga,neutral,1
1338,mgen,neutral,1
1339,mgen,positive,2
1340,mgm,negative,3
1341,mgm,positive,2
1342,mgmt,positive,1
1343,mgni,negative,3
1344,mgni,neutral,4
1345,mgni,positive,14
1346,mic,negative,3
1347,mid,negative,7
1348,mid,neutral,10
1349,mid,positive,14
1350,mik,neutral,1
1351,mitt,positive,3
1352,mj,negative,3
1353,mj,neutral,9
1354,mj,positive,1
1355,mkd,neutral,3
1356,mmm,neutral,2
1357,mmm,positive,4
1358,mms,negative,3
1359,mms,neutral,3
1360,mms,positive,2
1361,mnclw,positive,4
1362,mnpr,positive,1
1363,mnro,neutral,1
1364,mo,negative,12
1365,mo,neutral,3
1366,mo,positive,8
1367,mod,neutral,3
1368,mod,positive,1
1369,mom,negative,1
1370,mom,neutral,4
1371,mom,positive,4
1372,momo,neutral,3
1373,momo,positive,2
1374,mos,neutral,3
1375,mos,positive,1
1376,moto,negative,2
1377,moto,neutral,9
1378,moto,positive,5
1379,mov,negative,3
1380,mov,neutral,3
1381,mov,positive,3
1382,mp,neutral,2
1383,mpln,neutral,4
1384,mrk,positive,3
1385,mrna,neutral,11
1386,mrna,positive,14
1387,mrns,neutral,1
1388,mro,positive,6
1389,mrvl,neutral,5
1390,mrvl,positive,3
1391,ms,neutral,1
1392,ms,positive,2
1393,msci,positive,1
1394,msft,negative,7
1395,msft,neutral,49
1396,msft,positive,41
1397,msi,neutral,1
1398,msos,neutral,3
1399,msos,positive,1
1400,mstr,negative,1
1401,mt,positive,3
1402,mtc,neutral,2
1403,mtc,positive,1
1404,mtch,neutral,3
1405,mtch,positive,2
1406,mtn,positive,3
1407,mtp,neutral,1
1408,mu,neutral,12
1409,mu,positive,16
1410,muh,neutral,1
1411,must,negative,1
1412,must,neutral,2
1413,must,positive,6
1414,mvis,neutral,6
1415,mxc,positive,1
1416,mysz,neutral,1
1417,myt,negative,1
1418,myt,positive,1
1419,nail,negative,1
1420,nail,neutral,5
1421,nail,positive,2
1422,nak,negative,5
1423,nak,neutral,9
1424,nak,positive,6
1425,nakd,neutral,5
1426,nakd,positive,3
1427,naov,positive,1
1428,nat,neutral,1
1429,nat,positive,1
1430,naz,negative,1
1431,nba,neutral,1
1432,nba,positive,4
1433,nbac,neutral,1
1434,nbac,positive,2
1435,nbev,neutral,1
1436,nby,neutral,1
1437,nc,neutral,2
1438,nclh,neutral,3
1439,nclh,positive,2
1440,ncna,neutral,1
1441,ncno,positive,3
1442,ncty,neutral,5
1443,ncty,positive,1
1444,ndra,neutral,1
1445,nee,negative,2
1446,nee,neutral,9
1447,nee,positive,6
1448,nem,neutral,1
1449,neo,neutral,1
1450,nept,positive,1
1451,nerd,negative,3
1452,nerv,neutral,1
1453,nerv,positive,1
1454,net,negative,5
1455,net,neutral,11
1456,net,positive,21
1457,nflx,negative,8
1458,nflx,neutral,28
1459,nflx,positive,35
1460,nga,neutral,2
1461,nga,positive,1
1462,ngd,neutral,1
1463,ngd,positive,1
1464,nh,positive,1
1465,nhic,neutral,1
1466,ni,neutral,3
1467,nick,negative,1
1468,nick,positive,2
1469,nine,neutral,6
1470,nio,negative,23
1471,nio,neutral,161
1472,nio,positive,124
1473,niu,neutral,4
1474,niu,positive,5
1475,nke,neutral,1
1476,nke,positive,4
1477,nkla,negative,4
1478,nkla,neutral,30
1479,nkla,positive,35
1480,nktx,positive,3
1481,nlok,neutral,1
1482,nls,neutral,2
1483,nls,positive,4
1484,nm,positive,1
1485,nmtr,negative,2
1486,nndm,negative,5
1487,nndm,neutral,27
1488,nndm,positive,5
1489,nnn,neutral,2
1490,nnox,neutral,3
1491,nnvc,neutral,2
1492,nnvc,positive,1
1493,nok,neutral,5
1494,nok,positive,3
1495,novn,neutral,2
1496,np,positive,13
1497,nrgu,positive,3
1498,ns,neutral,2
1499,nspr,positive,1
1500,ntap,neutral,1
1501,ntb,neutral,1
1502,ntb,positive,1
1503,ntec,positive,1
1504,ntn,negative,2
1505,ntn,neutral,8
1506,ntn,positive,1
1507,ntr,negative,2
1508,ntr,neutral,4
1509,ntr,positive,8
1510,ntus,neutral,1
1511,nusi,negative,1
1512,nusi,neutral,1
1513,nvax,neutral,3
1514,nvcn,positive,2
1515,nvda,negative,10
1516,nvda,neutral,75
1517,nvda,positive,49
1518,nvr,neutral,1
1519,nvta,positive,1
1520,nvus,neutral,1
1521,nxpi,negative,3
1522,nxpi,neutral,3
1523,nxpi,positive,9
1524,nyc,negative,8
1525,nyc,positive,6
1526,nymt,neutral,1
1527,oac,neutral,1
1528,obsv,neutral,5
1529,oc,neutral,1
1530,ocsl,positive,3
1531,ocx,neutral,1
1532,odt,neutral,1
1533,oeg,neutral,1
1534,ofc,negative,1
1535,ofc,neutral,15
1536,ofc,positive,4
1537,ogen,neutral,4
1538,ogi,negative,1
1539,ogi,neutral,1
1540,ogi,positive,1
1541,ogs,negative,2
1542,ogs,neutral,1
1543,oi,negative,1
1544,oi,neutral,2
1545,oi,positive,4
1546,oil,negative,9
1547,oil,neutral,22
1548,oil,positive,21
1549,okta,neutral,7
1550,okta,positive,9
1551,onct,neutral,2
1552,onct,positive,4
1553,opgn,neutral,1
1554,opk,neutral,8
1555,opk,positive,3
1556,opp,positive,3
1557,opt,negative,1
1558,opt,positive,1
1559,optt,neutral,5
1560,optt,positive,1
1561,orcl,neutral,10
1562,orcl,positive,6
1563,orgo,neutral,2
1564,ortx,neutral,1
1565,osh,neutral,1
1566,ostk,negative,2
1567,ostk,neutral,10
1568,ostk,positive,13
1569,ovid,positive,1
1570,oxbr,neutral,2
1571,oxbr,positive,3
1572,ozon,neutral,1
1573,pace,negative,1
1574,pace,neutral,3
1575,pace,positive,4
1576,pags,neutral,3
1577,pall,neutral,1
1578,par,positive,2
1579,pati,positive,1
1580,pave,positive,1
1581,pbr,positive,1
1582,pbs,positive,3
1583,pcg,neutral,1
1584,pd,neutral,2
1585,pd,positive,1
1586,pdd,negative,1
1587,pdd,neutral,4
1588,pdd,positive,1
1589,pe,negative,1
1590,pe,neutral,5
1591,pe,positive,6
1592,peck,neutral,1
1593,peck,positive,4
1594,peg,negative,1
1595,peg,positive,2
1596,peix,neutral,6
1597,pen,negative,1
1598,pen,neutral,1
1599,penn,negative,3
1600,penn,neutral,11
1601,penn,positive,10
1602,pep,neutral,7
1603,pep,positive,1
1604,petq,neutral,1
1605,petq,positive,1
1606,pets,positive,2
1607,pfe,negative,8
1608,pfe,neutral,45
1609,pfe,positive,45
1610,pg,positive,3
1611,ph,neutral,7
1612,ph,positive,4
1613,phio,positive,1
1614,phun,neutral,5
1615,pie,neutral,1
1616,pie,positive,2
1617,pin,negative,1
1618,pin,positive,5
1619,pine,positive,1
1620,ping,negative,1
1621,ping,neutral,8
1622,ping,positive,19
1623,pins,negative,5
1624,pins,neutral,27
1625,pins,positive,31
1626,pixy,negative,2
1627,pixy,neutral,5
1628,plab,positive,1
1629,plag,neutral,1
1630,plc,neutral,1
1631,plin,negative,1
1632,plin,neutral,2
1633,pll,neutral,2
1634,pll,positive,2
1635,plm,neutral,1
1636,plnt,positive,3
1637,plow,positive,1
1638,pltr,negative,17
1639,pltr,neutral,101
1640,pltr,positive,32
1641,plug,negative,11
1642,plug,neutral,39
1643,plug,positive,23
1644,plx,neutral,1
1645,podd,neutral,1
1646,pola,neutral,2
1647,pola,positive,1
1648,pool,neutral,2
1649,pool,positive,3
1650,por,neutral,2
1651,poww,positive,1
1652,ppsi,neutral,3
1653,pro,negative,8
1654,pro,neutral,20
1655,pro,positive,27
1656,prof,positive,2
1657,prog,neutral,5
1658,prog,positive,1
1659,pros,neutral,1
1660,pros,positive,5
1661,prpl,negative,1
1662,prpl,positive,3
1663,prqr,neutral,1
1664,prts,neutral,5
1665,prts,positive,1
1666,prty,neutral,5
1667,prty,positive,1
1668,ps,neutral,1
1669,ps,positive,3
1670,pshg,negative,1
1671,psnl,neutral,1
1672,pst,neutral,3
1673,pst,positive,2
1674,psth,negative,1
1675,psth,neutral,12
1676,psth,positive,2
1677,pstv,neutral,4
1678,pt,negative,9
1679,pt,neutral,55
1680,pt,positive,38
1681,pton,negative,6
1682,pton,neutral,47
1683,pton,positive,40
1684,pvg,neutral,1
1685,pvl,neutral,1
1686,py,neutral,1
1687,pypl,negative,3
1688,pypl,neutral,15
1689,pypl,positive,7
1690,qcln,positive,2
1691,qcom,negative,2
1692,qcom,neutral,9
1693,qcom,positive,12
1694,qed,positive,1
1695,qep,neutral,2
1696,qk,positive,1
1697,qlgn,neutral,1
1698,qlgn,positive,5
1699,qqq,negative,2
1700,qqq,neutral,36
1701,qqq,positive,10
1702,qqqj,positive,1
1703,qs,negative,2
1704,qs,neutral,2
1705,qs,positive,4
1706,qtwo,neutral,2
1707,quad,negative,1
1708,quad,neutral,2
1709,r,negative,5
1710,r,neutral,12
1711,r,positive,5
1712,ra,neutral,1
1713,rad,negative,2
1714,rad,neutral,1
1715,ramp,neutral,3
1716,ramp,positive,6
1717,rare,negative,1
1718,rare,neutral,2
1719,rare,positive,6
1720,rba,positive,2
1721,rcl,neutral,3
1722,rcl,positive,1
1723,rdfn,neutral,2
1724,rdfn,positive,2
1725,rdhl,positive,1
1726,rdib,positive,1
1727,rdn,positive,1
1728,rec,neutral,2
1729,reed,positive,1
1730,regn,negative,6
1731,regn,neutral,13
1732,regn,positive,4
1733,rei,neutral,2
1734,reml,negative,1
1735,res,negative,1
1736,res,neutral,2
1737,res,positive,3
1738,rev,neutral,2
1739,rev,positive,4
1740,rgld,neutral,1
1741,rgr,neutral,1
1742,rick,neutral,2
1743,rick,positive,1
1744,rig,negative,1
1745,rig,positive,1
1746,ring,negative,1
1747,ring,neutral,1
1748,riot,negative,17
1749,riot,neutral,2
1750,riot,positive,1
1751,rkt,negative,1
1752,rkt,neutral,36
1753,rkt,positive,21
1754,rl,neutral,1
1755,rly,negative,1
1756,rly,positive,1
1757,rm,positive,2
1758,rmed,neutral,3
1759,rmg,negative,1
1760,rmg,neutral,4
1761,rmti,neutral,2
1762,road,neutral,5
1763,road,positive,7
1764,roic,neutral,2
1765,roku,negative,10
1766,roku,neutral,50
1767,roku,positive,90
1768,root,neutral,1
1769,root,positive,1
1770,rprx,positive,2
1771,rrd,neutral,1
1772,rrgb,positive,1
1773,rs,negative,3
1774,rs,neutral,1
1775,rs,positive,2
1776,rsvau,neutral,1
1777,rtx,neutral,4
1778,ruby,neutral,1
1779,ruth,positive,1
1780,rvlv,negative,1
1781,rxt,negative,1
1782,rxt,neutral,6
1783,rxt,positive,2
1784,rye,neutral,1
1785,sa,neutral,1
1786,sabr,neutral,1
1787,sabr,positive,1
1788,sage,positive,3
1789,salm,neutral,1
1790,salt,negative,1
1791,salt,neutral,1
1792,salt,positive,3
1793,sam,negative,3
1794,sam,neutral,7
1795,sam,positive,4
1796,san,neutral,4
1797,sap,neutral,1
1798,sava,neutral,2
1799,sbac,positive,1
1800,sbbp,neutral,3
1801,sbbp,positive,1
1802,sbe,negative,5
1803,sbe,neutral,9
1804,sbe,positive,17
1805,sbux,negative,13
1806,sbux,neutral,3
1807,sbux,positive,10
1808,sc,negative,2
1809,schd,neutral,3
1810,schd,positive,1
1811,sco,positive,2
1812,scor,neutral,2
1813,scwx,positive,3
1814,sd,negative,3
1815,sd,neutral,4
1816,sdc,neutral,1
1817,se,negative,4
1818,se,neutral,18
1819,se,positive,6
1820,seah,positive,1
1821,sedg,neutral,3
1822,sedg,positive,2
1823,seel,neutral,2
1824,selb,neutral,3
1825,sf,neutral,1
1826,sfet,neutral,2
1827,sfet,positive,1
1828,sfix,negative,3
1829,sfix,positive,4
1830,sft,neutral,1
1831,sft,positive,1
1832,sgbx,negative,3
1833,sgbx,neutral,1
1834,sh,positive,7
1835,shak,negative,6
1836,shak,neutral,3
1837,shak,positive,6
1838,shi,positive,1
1839,ship,negative,2
1840,ship,neutral,4
1841,ship,positive,3
1842,sho,negative,1
1843,sho,neutral,1
1844,sho,positive,2
1845,shop,negative,7
1846,shop,neutral,28
1847,shop,positive,36
1848,si,neutral,1
1849,sid,neutral,1
1850,sid,positive,1
1851,sim,positive,2
1852,sino,neutral,3
1853,sint,neutral,1
1854,siri,neutral,4
1855,siri,positive,2
1856,site,negative,2
1857,site,neutral,5
1858,site,positive,12
1859,six,negative,1
1860,six,neutral,2
1861,six,positive,6
1862,sjm,neutral,3
1863,sky,negative,1
1864,sky,neutral,5
1865,sky,positive,2
1866,skyy,negative,1
1867,skyy,positive,2
1868,slb,neutral,1
1869,sldb,neutral,1
1870,slgg,positive,1
1871,sls,neutral,1
1872,slv,negative,3
1873,slv,neutral,2
1874,slvo,neutral,1
1875,sm,neutral,1
1876,sm,positive,1
1877,smsi,positive,1
1878,snap,negative,7
1879,snap,neutral,33
1880,snap,positive,48
1881,snbr,positive,1
1882,snca,negative,1
1883,snde,neutral,1
1884,snde,positive,1
1885,sndl,negative,7
1886,sndl,neutral,24
1887,sndl,positive,13
1888,sne,neutral,1
1889,sne,positive,1
1890,snmp,negative,1
1891,snmp,neutral,2
1892,snmp,positive,1
1893,snow,negative,6
1894,snow,neutral,12
1895,snow,positive,12
1896,snp,neutral,2
1897,snpr,neutral,1
1898,snps,neutral,1
1899,snss,neutral,1
1900,soac,neutral,1
1901,soac,positive,1
1902,soho,positive,1
1903,sol,neutral,2
1904,solo,negative,3
1905,solo,neutral,19
1906,solo,positive,14
1907,sonm,positive,1
1908,sonn,negative,1
1909,sonn,neutral,2
1910,sonn,positive,1
1911,sp,negative,41
1912,sp,neutral,19
1913,sp,positive,38
1914,spak,negative,1
1915,spak,neutral,2
1916,spcb,neutral,2
1917,spcb,positive,1
1918,spce,negative,7
1919,spce,neutral,33
1920,spce,positive,12
1921,spg,neutral,4
1922,spg,positive,1
1923,spi,negative,2
1924,spi,neutral,19
1925,spi,positive,15
1926,spke,neutral,1
1927,splk,neutral,8
1928,splk,positive,1
1929,spot,negative,4
1930,spot,neutral,13
1931,spot,positive,29
1932,spt,negative,1
1933,spt,positive,1
1934,sptn,negative,1
1935,sptn,neutral,1
1936,sptn,positive,1
1937,spwr,negative,1
1938,spwr,neutral,3
1939,spwr,positive,2
1940,spxu,neutral,2
1941,spy,negative,106
1942,spy,neutral,300
1943,spy,positive,307
1944,spyc,positive,1
1945,sq,negative,9
1946,sq,neutral,50
1947,sq,positive,39
1948,sqbg,neutral,1
1949,sqqq,negative,5
1950,sqqq,neutral,24
1951,sqqq,positive,28
1952,sr,neutral,1
1953,sr,positive,9
1954,srac,neutral,6
1955,srac,positive,3
1956,sri,positive,1
1957,srne,neutral,17
1958,srne,positive,1
1959,srpt,neutral,3
1960,srrk,neutral,2
1961,srrk,positive,2
1962,st,positive,9
1963,staf,neutral,3
1964,staf,positive,3
1965,stag,neutral,1
1966,stc,positive,3
1967,stg,negative,3
1968,stg,neutral,4
1969,stg,positive,1
1970,stim,negative,8
1971,stim,neutral,5
1972,stim,positive,9
1973,stor,positive,3
1974,stpk,positive,2
1975,stro,positive,1
1976,stz,positive,1
1977,sub,neutral,3
1978,sub,positive,3
1979,sum,negative,3
1980,sum,neutral,3
1981,sum,positive,9
1982,suns,neutral,1
1983,sunw,neutral,10
1984,sunw,positive,12
1985,sup,negative,2
1986,sup,neutral,18
1987,sup,positive,4
1988,svm,neutral,1
1989,svxy,neutral,2
1990,swbi,neutral,2
1991,swbi,positive,2
1992,swk,neutral,3
1993,swks,neutral,1
1994,sypr,neutral,1
1995,syy,neutral,1
1996,tac,positive,1
1997,taco,negative,1
1998,taco,neutral,3
1999,tail,negative,1
2000,tail,positive,2
2001,tak,positive,1
2002,tan,neutral,1
2003,tan,positive,2
2004,tanh,neutral,2
2005,tap,negative,1
2006,tap,neutral,3
2007,tap,positive,6
2008,tat,neutral,1
2009,tat,positive,1
2010,tatt,neutral,1
2011,tatt,positive,1
2012,tbf,negative,1
2013,tbf,neutral,1
2014,tbf,positive,1
2015,tblt,positive,2
2016,tc,neutral,4
2017,tc,positive,2
2018,tcom,neutral,1
2019,tcon,neutral,4
2020,tcs,positive,1
2021,tda,negative,3
2022,tda,neutral,5
2023,tda,positive,6
2024,tdac,neutral,2
2025,tdg,positive,2
2026,tdoc,negative,1
2027,tdoc,neutral,7
2028,tdoc,positive,8
2029,tech,negative,49
2030,tech,neutral,51
2031,tech,positive,47
2032,tecl,positive,1
2033,tecs,neutral,1
2034,tel,negative,1
2035,teo,negative,1
2036,ter,neutral,1
2037,teva,neutral,13
2038,teva,positive,4
2039,tgc,neutral,1
2040,tgt,neutral,15
2041,tgt,positive,7
2042,th,positive,1
2043,thcb,neutral,2
2044,thcb,positive,3
2045,thr,neutral,1
2046,thr,positive,3
2047,tip,neutral,2
2048,tip,positive,3
2049,tlgt,neutral,5
2050,tlgt,positive,1
2051,tlry,negative,4
2052,tlry,neutral,15
2053,tlry,positive,14
2054,tls,positive,1
2055,tlsa,positive,1
2056,tmbr,negative,1
2057,tmbr,positive,1
2058,tmo,positive,4
2059,tmus,neutral,1
2060,tna,positive,1
2061,tnxp,negative,2
2062,tnxp,neutral,5
2063,tnxp,positive,1
2064,tok,negative,2
2065,tok,neutral,2
2066,tol,neutral,1
2067,tol,positive,18
2068,tops,positive,6
2069,tot,positive,1
2070,tour,neutral,1
2071,tour,positive,1
2072,town,neutral,4
2073,town,positive,5
2074,tpb,neutral,1
2075,tqqq,negative,3
2076,tqqq,positive,3
2077,tree,positive,2
2078,tril,neutral,1
2079,trip,neutral,1
2080,trip,positive,6
2081,trne,neutral,1
2082,trne,positive,2
2083,tru,positive,3
2084,trvn,negative,2
2085,trvn,neutral,1
2086,trvn,positive,2
2087,ts,negative,3
2088,tsla,negative,61
2089,tsla,neutral,278
2090,tsla,positive,242
2091,tsm,neutral,5
2092,tsm,positive,5
2093,tsn,neutral,1
2094,tt,positive,1
2095,ttcf,neutral,1
2096,ttcf,positive,1
2097,ttd,negative,2
2098,ttd,neutral,15
2099,ttd,positive,12
2100,ttm,negative,1
2101,ttm,neutral,2
2102,ttm,positive,2
2103,ttnp,neutral,2
2104,ttoo,neutral,3
2105,ttwo,neutral,1
2106,tup,negative,3
2107,tup,neutral,3
2108,tup,positive,2
2109,tv,negative,2
2110,tv,neutral,5
2111,tv,positive,1
2112,tw,negative,2
2113,twlo,neutral,9
2114,twlo,positive,11
2115,twnd,neutral,1
2116,twnd,positive,1
2117,twtr,negative,4
2118,twtr,neutral,10
2119,twtr,positive,3
2120,tx,positive,2
2121,tyg,positive,2
2122,tza,neutral,1
2123,ua,neutral,1
2124,uaa,neutral,1
2125,ual,neutral,7
2126,ual,positive,4
2127,uamy,neutral,1
2128,uavs,neutral,6
2129,uavs,positive,3
2130,uber,negative,1
2131,uber,neutral,2
2132,uber,positive,8
2133,ubs,positive,1
2134,ubt,positive,1
2135,uco,negative,1
2136,uco,neutral,2
2137,uco,positive,4
2138,uge,neutral,1
2139,ui,negative,1
2140,ui,positive,7
2141,uihc,neutral,1
2142,uk,negative,2
2143,uk,neutral,5
2144,uk,positive,11
2145,ulta,negative,1
2146,ulta,neutral,5
2147,ulta,positive,11
2148,umc,neutral,1
2149,unfi,positive,1
2150,unh,neutral,1
2151,unit,positive,3
2152,unvr,positive,1
2153,uone,negative,5
2154,uone,neutral,8
2155,uone,positive,1
2156,uonek,negative,1
2157,uonek,neutral,9
2158,uonek,positive,2
2159,upld,positive,1
2160,upro,neutral,1
2161,upro,positive,3
2162,ups,negative,6
2163,ups,neutral,11
2164,ups,positive,26
2165,upwk,neutral,1
2166,urbn,positive,3
2167,uri,negative,1
2168,uri,neutral,2
2169,uri,positive,12
2170,urov,negative,3
2171,urov,neutral,3
2172,usa,negative,3
2173,usa,neutral,4
2174,usa,positive,4
2175,usac,negative,1
2176,usac,neutral,1
2177,usd,negative,6
2178,usd,neutral,10
2179,usd,positive,22
2180,useg,neutral,3
2181,usmv,positive,1
2182,uso,negative,1
2183,uso,neutral,1
2184,uso,positive,5
2185,usws,neutral,1
2186,utsi,neutral,1
2187,uup,neutral,1
2188,uup,positive,1
2189,uve,neutral,3
2190,uvxy,negative,9
2191,uvxy,neutral,16
2192,uvxy,positive,10
2193,uxin,neutral,4
2194,v,neutral,18
2195,v,positive,26
2196,vac,neutral,1
2197,vale,negative,1
2198,vale,neutral,1
2199,vale,positive,4
2200,vbiv,neutral,2
2201,vc,negative,4
2202,vc,neutral,8
2203,vc,positive,4
2204,vcnx,neutral,1
2205,vcnx,positive,3
2206,vea,positive,1
2207,vega,neutral,2
2208,vega,positive,1
2209,ver,positive,1
2210,verb,neutral,2
2211,vet,positive,2
2212,vff,neutral,1
2213,vff,positive,1
2214,vgac,neutral,3
2215,vgac,positive,1
2216,vhc,neutral,1
2217,viav,negative,3
2218,vice,negative,2
2219,vice,neutral,5
2220,vice,positive,1
2221,vir,neutral,2
2222,visl,neutral,4
2223,visl,positive,1
2224,vive,neutral,1
2225,vive,positive,1
2226,vixy,positive,1
2227,vktx,positive,1
2228,vldr,negative,4
2229,vldr,neutral,2
2230,vldr,positive,1
2231,vmar,neutral,3
2232,vmw,neutral,1
2233,vod,neutral,1
2234,voo,neutral,4
2235,voo,positive,5
2236,voxx,neutral,1
2237,vpn,negative,1
2238,vpn,neutral,1
2239,vpn,positive,1
2240,vrm,negative,1
2241,vrm,positive,1
2242,vrs,negative,1
2243,vrs,neutral,1
2244,vrs,positive,1
2245,vrtx,positive,3
2246,vstm,neutral,3
2247,vstm,positive,1
2248,vt,neutral,2
2249,vtv,positive,1
2250,vvpr,negative,1
2251,vvpr,neutral,5
2252,vvpr,positive,7
2253,vwo,positive,1
2254,vxrt,negative,1
2255,vxrt,neutral,4
2256,vxus,neutral,2
2257,vxus,positive,1
2258,vxx,negative,5
2259,vxx,neutral,29
2260,vxx,positive,35
2261,vygg,positive,1
2262,vyne,positive,1
2263,vz,neutral,1
2264,vz,positive,3
2265,wafu,neutral,2
2266,wash,negative,2
2267,wat,negative,1
2268,wat,neutral,4
2269,wat,positive,2
2270,watt,neutral,3
2271,wb,negative,1
2272,wb,neutral,2
2273,wb,positive,3
2274,wba,neutral,1
2275,wba,positive,5
2276,wdc,neutral,1
2277,webs,neutral,1
2278,wei,negative,1
2279,wei,neutral,3
2280,wei,positive,1
2281,wen,neutral,1
2282,wes,positive,1
2283,wfc,negative,3
2284,wfc,neutral,4
2285,wfc,positive,3
2286,wfh,neutral,1
2287,wh,neutral,1
2288,wifi,negative,3
2289,wifi,neutral,2
2290,wil,neutral,1
2291,wing,positive,1
2292,wire,negative,1
2293,wire,neutral,1
2294,wit,neutral,1
2295,wix,positive,3
2296,wkey,negative,1
2297,wkey,neutral,1
2298,wkhs,negative,5
2299,wkhs,neutral,37
2300,wkhs,positive,36
2301,wll,neutral,1
2302,wmt,neutral,15
2303,wmt,positive,15
2304,wood,neutral,2
2305,wood,positive,1
2306,worx,negative,1
2307,wpg,positive,2
2308,wrap,neutral,7
2309,wti,neutral,4
2310,wti,positive,4
2311,wtrh,positive,2
2312,ww,negative,2
2313,ww,neutral,2
2314,ww,positive,1
2315,wwe,negative,2
2316,wwe,neutral,2
2317,wwe,positive,3
2318,wwr,negative,3
2319,wwr,neutral,29
2320,wwr,positive,9
2321,wynn,neutral,6
2322,wynn,positive,18
2323,wyy,neutral,3
2324,x,negative,1
2325,x,positive,4
2326,xbit,positive,1
2327,xela,neutral,1
2328,xers,negative,3
2329,xers,neutral,7
2330,xers,positive,7
2331,xle,negative,1
2332,xle,neutral,1
2333,xlf,neutral,5
2334,xlf,positive,5
2335,xlk,positive,3
2336,xlnx,neutral,9
2337,xlnx,positive,9
2338,xlu,neutral,1
2339,xlv,neutral,1
2340,xom,negative,1
2341,xom,neutral,10
2342,xom,positive,6
2343,xop,neutral,3
2344,xop,positive,9
2345,xpev,negative,6
2346,xpev,neutral,11
2347,xpev,positive,3
2348,xrt,positive,3
2349,xspa,negative,1
2350,xspa,neutral,10
2351,xt,neutral,1
2352,xt,positive,1
2353,xtnt,neutral,4
2354,xtnt,positive,2
2355,yang,neutral,1
2356,yang,positive,3
2357,ycbd,neutral,3
2358,yelp,neutral,2
2359,yelp,positive,2
2360,yeti,positive,2
2361,yj,neutral,3
2362,yten,neutral,1
2363,yvr,neutral,8
2364,yvr,positive,1
2365,yy,negative,1
2366,yy,positive,1
2367,z,negative,2
2368,z,neutral,4
2369,z,positive,9
2370,zbra,neutral,1
2371,zdge,neutral,2
2372,zdge,positive,1
2373,zeal,neutral,1
2374,zm,negative,13
2375,zm,neutral,56
2376,zm,positive,52
2377,znga,negative,3
2378,znga,neutral,12
2379,znga,positive,11
2380,znh,neutral,2
2381,znh,positive,4
2382,zom,negative,1
2383,zom,neutral,3
2384,zs,neutral,2
2385,zsan,negative,1
2386,zsan,neutral,2
2387,zuo,neutral,1
2388,zyne,neutral,1
