,token,Freq,PosFreq,NegFreq,NeuFreq
0,0dte,9,6,1,2.0
1,100k,39,24,4,11.0
2,10k,75,43,9,23.0
3,10x,7,3,2,2.0
4,12hrs,2,1,1,0.0
5,12pm,3,2,1,0.0
6,13k,9,5,1,3.0
7,15k,14,4,2,8.0
8,15m,7,3,1,3.0
9,16th,4,1,2,1.0
10,18k,9,6,1,2.0
11,19k,5,3,2,0.0
12,1h,5,1,1,3.0
13,1k,154,107,11,36.0
14,200k,7,4,2,1.0
15,20k,57,37,8,12.0
16,20s,5,1,2,2.0
17,20th,12,4,6,2.0
18,21st,2,1,1,0.0
19,22k,4,1,1,2.0
20,250k,4,1,3,0.0
21,276k,6,3,3,0.0
22,2k,63,43,5,15.0
23,2nd,41,26,5,10.0
24,2x,7,2,1,4.0
25,300c,2,1,1,0.0
26,30am,4,1,1,2.0
27,30k,20,6,3,11.0
28,30min,12,8,1,3.0
29,30s,8,2,2,4.0
30,32c,2,1,1,0.0
31,34k,2,1,1,0.0
32,3k,71,41,6,24.0
33,3minutes,3,1,1,1.0
34,3rd,21,9,3,9.0
35,3s,2,1,1,0.0
36,3x,6,2,2,2.0
37,401k,15,11,1,3.0
38,40k,12,5,4,3.0
39,4am,8,3,2,3.0
40,4h,14,8,1,5.0
41,4hr,7,4,1,2.0
42,4k,41,26,1,14.0
43,4x,9,5,1,3.0
44,500s,2,1,1,0.0
45,50c,6,4,1,1.0
46,50ema,4,1,3,0.0
47,50k,25,9,7,9.0
48,5c,10,4,3,3.0
49,5k,76,39,8,29.0
50,5th,10,5,1,4.0
51,60s,5,3,1,1.0
52,6mo,2,1,1,0.0
53,6x,2,1,1,0.0
54,70s,3,1,2,0.0
55,7k,19,6,4,9.0
56,80c,3,2,1,0.0
57,87k,6,3,3,0.0
58,8k,8,3,1,4.0
59,8pm,6,2,1,3.0
60,8x,3,2,1,0.0
61,90k,2,1,1,0.0
62,90s,2,1,1,0.0
63,9k,11,6,1,4.0
64,9mo,2,1,1,0.0
65,9pm,4,3,1,0.0
66,aal,35,16,4,15.0
67,aapl,322,102,37,183.0
68,ab,8,4,1,3.0
69,abbv,16,8,2,6.0
70,abc,7,1,3,3.0
71,ability,14,13,1,0.0
72,able,166,100,19,47.0
73,absolute,10,8,1,1.0
74,absolutely,20,9,4,7.0
75,abt,16,8,2,6.0
76,abuse,3,1,1,1.0
77,abused,2,1,1,0.0
78,acb,93,32,8,53.0
79,acc,24,7,9,8.0
80,access,76,39,11,26.0
81,accident,5,3,2,0.0
82,accidentally,14,2,12,0.0
83,according,14,8,2,4.0
84,accordingly,6,2,2,2.0
85,account,633,392,77,164.0
86,accountant,2,1,1,0.0
87,accounting,4,1,3,0.0
88,accounts,86,40,16,30.0
89,accurate,30,19,3,8.0
90,ackman,4,2,1,1.0
91,acquired,4,2,1,1.0
92,acres,2,1,1,0.0
93,across,33,21,1,11.0
94,act,8,4,1,3.0
95,acting,8,1,6,1.0
96,action,121,63,15,43.0
97,activated,3,1,1,1.0
98,active,57,54,2,1.0
99,activision,10,1,2,7.0
100,activities,4,1,3,0.0
101,activity,15,12,1,2.0
102,actual,33,15,5,13.0
103,actually,211,109,33,69.0
104,add,146,73,15,58.0
105,added,77,40,9,28.0
106,adding,48,20,8,20.0
107,additional,11,7,2,2.0
108,address,5,4,1,0.0
109,adjust,10,5,2,3.0
110,adjustments,9,6,1,2.0
111,admin,16,7,2,7.0
112,admp,8,2,2,4.0
113,ads,12,5,2,5.0
114,adult,5,2,2,1.0
115,advance,6,5,1,0.0
116,advanced,112,108,3,1.0
117,advantage,36,31,2,3.0
118,advertising,7,1,4,2.0
119,advice,37,29,3,5.0
120,advise,15,6,4,5.0
121,advisor,18,8,3,7.0
122,aese,17,4,2,11.0
123,af,44,7,23,14.0
124,affect,23,9,6,8.0
125,affected,10,4,6,0.0
126,affects,9,4,3,2.0
127,afford,26,15,7,4.0
128,afloat,3,2,1,0.0
129,afraid,15,12,1,2.0
130,african,6,4,1,1.0
131,afternoon,21,12,2,7.0
132,afterwards,8,4,4,0.0
133,age,16,9,1,6.0
134,agencies,5,4,1,0.0
135,ages,5,1,2,2.0
136,aggregation,3,1,2,0.0
137,aggressive,9,3,4,2.0
138,ago,257,147,35,75.0
139,agree,76,70,4,2.0
140,agreed,25,23,2,0.0
141,ah,272,104,21,147.0
142,ahead,55,34,9,12.0
143,ahh,27,16,2,9.0
144,ahhh,10,2,2,6.0
145,aight,7,1,3,3.0
146,aim,8,6,1,1.0
147,aiming,7,5,2,0.0
148,aint,41,22,16,3.0
149,air,17,8,1,8.0
150,airline,14,6,2,6.0
151,airlines,37,11,7,19.0
152,aka,13,7,3,3.0
153,alarm,4,1,3,0.0
154,album,3,1,1,1.0
155,alert,157,150,3,4.0
156,alerted,89,56,6,27.0
157,alerts,88,50,4,34.0
158,alex,25,16,3,6.0
159,alf_poor,2,1,1,0.0
160,alg,5,3,1,1.0
161,algo,65,39,9,17.0
162,algos,8,6,1,1.0
163,alibaba,22,3,1,18.0
164,alive,7,5,1,1.0
165,allow,30,25,5,0.0
166,allowed,18,4,6,8.0
167,allows,8,6,1,1.0
168,almost,154,80,28,46.0
169,alone,17,12,5,0.0
170,along,29,16,5,8.0
171,alongside,3,1,1,1.0
172,alot,39,17,8,14.0
173,alpha,10,5,1,4.0
174,already,354,176,55,123.0
175,alright,43,40,3,0.0
176,also,622,337,88,197.0
177,alternative,7,2,2,3.0
178,although,37,20,8,9.0
179,always,275,164,48,63.0
180,amateur,5,1,3,1.0
181,amazing,68,62,5,1.0
182,amazon,74,64,4,6.0
183,amd,378,175,41,162.0
184,america,17,8,2,7.0
185,american,23,6,4,13.0
186,americans,14,5,7,2.0
187,ameritrade,43,15,3,25.0
188,amid,4,1,1,2.0
189,amount,88,42,18,28.0
190,amp,93,5,1,87.0
191,amtx,2,1,1,0.0
192,amzn,112,46,13,53.0
193,anabolic,3,1,2,0.0
194,analysis,113,73,15,25.0
195,analyst,83,50,3,30.0
196,analysts,84,54,9,21.0
197,analyze,15,12,2,1.0
198,analyzing,8,5,1,2.0
199,animal,11,6,5,0.0
200,animated,2,1,1,0.0
201,anni,4,1,2,1.0
202,announce,13,6,3,4.0
203,announcement,14,8,3,3.0
204,announces,18,3,1,14.0
205,another,464,212,78,174.0
206,answer,33,15,5,13.0
207,answered,8,4,2,2.0
208,answering,8,4,3,1.0
209,answers,8,2,3,3.0
210,ant,9,3,4,2.0
211,anti,2,1,1,0.0
212,any1,2,1,1,0.0
213,anybody,53,25,2,26.0
214,anymore,57,18,25,14.0
215,anyone,465,200,40,225.0
216,anything,203,98,31,74.0
217,anytime,24,8,5,11.0
218,anyway,31,16,4,11.0
219,anyways,28,13,4,11.0
220,anywhere,11,5,2,4.0
221,aout,2,1,1,0.0
222,apha,8,2,1,5.0
223,apologies,8,2,1,5.0
224,apologize,3,2,1,0.0
225,app,84,28,10,46.0
226,apparently,22,7,9,6.0
227,appears,5,3,1,1.0
228,appl,54,29,3,22.0
229,apple,188,85,32,71.0
230,applejax,3,2,1,0.0
231,apples,7,2,1,4.0
232,applies,4,2,1,1.0
233,apply,14,6,3,5.0
234,appreciate,71,69,2,0.0
235,approaches,4,2,1,1.0
236,approve,5,1,2,2.0
237,approved,28,23,4,1.0
238,approves,5,3,2,0.0
239,apps,45,15,4,26.0
240,april,20,3,4,13.0
241,apxt,13,1,3,9.0
242,area,60,33,9,18.0
243,areas,8,4,4,0.0
244,arent,45,13,12,20.0
245,argue,2,1,1,0.0
246,arguing,2,1,1,0.0
247,argument,4,2,1,1.0
248,arkk,19,9,1,9.0
249,around,328,166,62,100.0
250,article,51,13,5,33.0
251,artl,3,1,1,1.0
252,asap,16,8,3,5.0
253,ascending,28,13,1,14.0
254,asia,5,3,1,1.0
255,asian,3,2,1,0.0
256,aside,19,11,1,7.0
257,ask,103,45,23,35.0
258,asked,31,9,9,13.0
259,asking,44,26,4,14.0
260,asks,6,5,1,0.0
261,asleep,8,2,5,1.0
262,asp,8,3,1,4.0
263,ass,83,8,71,4.0
264,assed,2,1,1,0.0
265,asses,10,2,6,2.0
266,assess,3,2,1,0.0
267,assets,9,7,1,1.0
268,assigned,13,9,2,2.0
269,assume,14,6,5,3.0
270,assuming,29,13,5,11.0
271,assumption,3,1,1,1.0
272,ate,9,1,2,6.0
273,ath,66,20,10,36.0
274,aths,8,5,1,2.0
275,atlanta,5,3,1,1.0
276,atleast,16,6,2,8.0
277,atm,43,17,4,22.0
278,attached,5,4,1,0.0
279,attack,12,2,5,5.0
280,attacks,3,2,1,0.0
281,attempt,5,4,1,0.0
282,attempting,3,1,1,1.0
283,attention,30,13,12,5.0
284,atvi,28,12,4,12.0
285,audio,6,2,2,2.0
286,audit,7,3,1,3.0
287,aug,29,12,5,12.0
288,august,32,17,3,12.0
289,austin,43,28,3,12.0
290,auto,17,10,1,6.0
291,automatically,6,1,2,3.0
292,avail,2,1,1,0.0
293,available,53,38,4,11.0
294,average,137,83,10,44.0
295,averaged,52,20,12,20.0
296,averaging,42,29,3,10.0
297,avg,60,39,6,15.0
298,avoid,22,13,8,1.0
299,awaiting,4,1,3,0.0
300,aware,11,6,2,3.0
301,away,116,49,23,44.0
302,awhile,29,13,7,9.0
303,awkward,5,2,1,2.0
304,aww,4,1,1,2.0
305,ay,4,1,1,2.0
306,aye,9,4,1,4.0
307,b,34,11,8,15.0
308,ba,163,56,22,85.0
309,baba,174,73,27,74.0
310,baby,167,73,5,89.0
311,back,807,409,124,274.0
312,backed,13,5,2,6.0
313,backing,6,4,1,1.0
314,backtest,13,9,1,3.0
315,backup,2,1,1,0.0
316,backwards,3,1,1,1.0
317,bad,380,159,213,8.0
318,badass,3,1,2,0.0
319,badly,5,1,4,0.0
320,bag,44,25,9,10.0
321,bagger,5,1,1,3.0
322,bagholder,3,1,1,1.0
323,bagholding,6,4,1,1.0
324,bags,20,7,5,8.0
325,balance,55,35,9,11.0
326,ball,9,4,3,2.0
327,ballin,10,3,3,4.0
328,ballot,7,3,1,3.0
329,ballots,5,2,3,0.0
330,balls,12,1,4,7.0
331,bam,5,2,1,2.0
332,ban,44,8,28,8.0
333,bands,3,1,1,1.0
334,bank,70,20,4,46.0
335,banks,22,7,6,9.0
336,banned,19,1,18,0.0
337,bar,14,5,5,4.0
338,barely,29,17,6,6.0
339,bars,16,2,2,12.0
340,base,23,7,2,14.0
341,based,94,56,11,27.0
342,basic,16,8,1,7.0
343,basically,92,44,13,35.0
344,basics,13,7,2,4.0
345,basing,3,2,1,0.0
346,battery,40,20,7,13.0
347,battle,11,4,7,0.0
348,bc,46,27,11,8.0
349,beach,5,2,1,2.0
350,bear,51,9,15,27.0
351,bearish,60,17,18,25.0
352,bears,21,8,5,8.0
353,beat,65,32,12,21.0
354,beaten,9,2,6,1.0
355,beating,21,1,20,0.0
356,became,13,5,3,5.0
357,become,49,31,9,9.0
358,becomes,21,9,7,5.0
359,becoming,14,9,1,4.0
360,bed,26,7,4,15.0
361,beer,18,7,3,8.0
362,beg,2,1,1,0.0
363,begin,19,7,2,10.0
364,beginning,25,14,9,2.0
365,behave,3,2,1,0.0
366,behind,34,17,9,8.0
367,believe,147,64,30,53.0
368,believes,3,2,1,0.0
369,ben,15,8,2,5.0
370,benefit,27,23,1,3.0
371,benzinga,26,3,1,22.0
372,berk,3,1,1,1.0
373,best,280,257,16,7.0
374,bet,85,38,7,40.0
375,beta,7,4,1,2.0
376,better,348,319,23,6.0
377,betting,23,9,4,10.0
378,beyond,23,20,2,1.0
379,bias,7,5,2,0.0
380,biased,7,1,6,0.0
381,biden,153,86,11,56.0
382,bids,5,3,1,1.0
383,big,494,257,79,158.0
384,bigc,13,6,1,6.0
385,bigger,75,53,6,16.0
386,biggest,55,27,16,12.0
387,biggie,2,1,1,0.0
388,bil,4,2,1,1.0
389,bill,59,22,5,32.0
390,billion,43,20,3,20.0
391,billionaire,6,3,1,2.0
392,billions,9,5,3,1.0
393,bills,13,7,1,5.0
394,binance,3,1,2,0.0
395,bio,17,2,1,14.0
396,bit,262,138,34,90.0
397,bitch,17,3,13,1.0
398,bitches,9,1,8,0.0
399,bitcoin,84,27,14,43.0
400,bitcorn,5,1,1,3.0
401,bkyi,8,3,1,4.0
402,black,49,17,4,28.0
403,blackrock,7,2,1,4.0
404,blah,5,2,2,1.0
405,blame,4,1,3,0.0
406,blank,4,1,1,2.0
407,bleed,4,1,1,2.0
408,blew,9,2,4,3.0
409,blind,15,1,12,2.0
410,blnk,31,12,3,16.0
411,block,3,2,1,0.0
412,blocked,21,6,15,0.0
413,blocking,3,2,1,0.0
414,blog,6,1,3,2.0
415,blood,14,4,2,8.0
416,bloody,10,1,9,0.0
417,bloomberg,42,8,3,31.0
418,blow,24,6,3,15.0
419,blowing,9,4,1,4.0
420,blue,52,22,8,22.0
421,blurryeyes,70,5,1,64.0
422,bmy,17,7,3,7.0
423,bngo,15,4,3,8.0
424,boat,11,4,3,4.0
425,body,12,4,5,3.0
426,boeing,29,10,5,14.0
427,boi,4,1,3,0.0
428,bois,11,1,1,9.0
429,bomb,4,2,2,0.0
430,bonus,11,9,1,1.0
431,book,25,13,3,9.0
432,boom,71,20,19,32.0
433,boomer,6,3,2,1.0
434,boomers,5,2,1,2.0
435,bored,9,3,6,0.0
436,boring,25,8,13,4.0
437,borrow,12,7,5,0.0
438,boss,33,24,1,8.0
439,bot,104,51,14,39.0
440,bother,7,4,2,1.0
441,bots,14,5,3,6.0
442,bottom,91,39,8,44.0
443,bottomed,9,4,1,4.0
444,bought,500,235,71,194.0
445,bounce,103,54,16,33.0
446,bounced,28,19,5,4.0
447,bounces,11,4,1,6.0
448,bound,14,6,1,7.0
449,bout,31,7,12,12.0
450,bouta,9,3,4,2.0
451,boutta,5,1,2,2.0
452,bowl,6,1,2,3.0
453,box,21,3,5,13.0
454,boxes,2,1,1,0.0
455,boy,60,29,10,21.0
456,boys,112,45,17,50.0
457,bracket,9,4,4,1.0
458,brad,43,16,6,21.0
459,brain,18,8,1,9.0
460,brainer,5,4,1,0.0
461,brands,6,3,1,2.0
462,brave,5,4,1,0.0
463,bread,17,6,2,9.0
464,break,215,74,44,97.0
465,breakdown,8,3,1,4.0
466,breaking,46,8,7,31.0
467,breakingmkts,4,1,1,2.0
468,breakout,68,27,13,28.0
469,breaks,55,23,12,20.0
470,brief,3,1,1,1.0
471,bring,35,24,4,7.0
472,brings,25,16,5,4.0
473,bro,225,108,41,76.0
474,broke,143,35,98,10.0
475,brokeass,12,3,3,6.0
476,broken,15,3,9,3.0
477,broker,41,20,5,16.0
478,brokerage,24,14,2,8.0
479,brokers,16,5,3,8.0
480,brother,45,33,3,9.0
481,brought,28,8,10,10.0
482,brqs,6,3,1,2.0
483,bruh,66,13,10,43.0
484,bs,27,3,6,18.0
485,btc,101,34,27,40.0
486,btfd,5,3,2,0.0
487,btw,44,21,8,15.0
488,bubble,8,2,2,4.0
489,bucks,87,53,8,26.0
490,bud,29,19,3,7.0
491,buddy,92,62,14,16.0
492,bueller,70,41,16,13.0
493,buellers,14,7,1,6.0
494,bueno,2,1,1,0.0
495,buffet,6,3,2,1.0
496,buggin,7,6,1,0.0
497,build,50,26,5,19.0
498,building,35,16,1,18.0
499,bull,101,43,23,35.0
500,bullish,193,87,26,80.0
501,bulls,17,7,4,6.0
502,bullying,2,1,1,0.0
503,bummed,6,4,2,0.0
504,bunch,53,33,11,9.0
505,burger,2,1,1,0.0
506,burn,13,3,1,9.0
507,burned,10,5,4,1.0
508,burnt,4,2,1,1.0
509,business,79,39,11,29.0
510,businesses,15,7,5,3.0
511,bust,4,1,3,0.0
512,busted,3,2,1,0.0
513,busy,57,35,8,14.0
514,butthurt,2,1,1,0.0
515,buy,872,411,172,289.0
516,buyer,9,3,1,5.0
517,buyers,5,3,2,0.0
518,buying,371,184,68,119.0
519,buys,29,14,7,8.0
520,bye,49,7,2,40.0
521,byfc,5,3,1,1.0
522,bynd,185,85,23,77.0
523,c,72,39,5,28.0
524,cake,6,1,1,4.0
525,calculated,4,3,1,0.0
526,calculations,7,3,1,3.0
527,calculator,10,6,1,3.0
528,calendar,18,9,1,8.0
529,cali,7,4,1,2.0
530,call,865,475,122,268.0
531,called,177,86,24,67.0
532,calling,28,15,5,8.0
533,callout,65,44,6,15.0
534,callouts,26,20,3,3.0
535,calls,845,402,116,327.0
536,calm,13,9,4,0.0
537,came,104,49,23,32.0
538,camera,5,2,1,2.0
539,campaign,9,1,3,5.0
540,canada,17,7,2,8.0
541,canadian,34,13,1,20.0
542,cancel,12,6,6,0.0
543,canceled,2,1,1,0.0
544,cancelled,9,1,5,3.0
545,candidates,4,2,2,0.0
546,candle,90,41,29,20.0
547,candles,32,15,10,7.0
548,candy,6,3,3,0.0
549,cannabis,56,25,4,27.0
550,cannot,7,1,4,2.0
551,cant,233,107,46,80.0
552,canton,3,1,1,1.0
553,cap,106,32,39,35.0
554,capacity,4,1,2,1.0
555,capital,56,39,8,9.0
556,capitalize,3,1,2,0.0
557,caps,11,5,2,4.0
558,car,49,24,10,15.0
559,card,16,8,3,5.0
560,cards,10,5,2,3.0
561,care,58,38,17,3.0
562,career,12,3,4,5.0
563,careful,37,28,7,2.0
564,carefully,8,5,3,0.0
565,cares,10,7,1,2.0
566,carl,15,11,3,1.0
567,cars,28,14,8,6.0
568,case,70,36,20,14.0
569,cases,31,2,8,21.0
570,cash,313,294,15,4.0
571,cashapp,4,3,1,0.0
572,cashed,78,40,6,32.0
573,casino,7,3,2,2.0
574,cast,3,1,1,1.0
575,cat,14,5,6,3.0
576,catalyst,42,23,11,8.0
577,catalysts,9,6,1,2.0
578,catch,55,36,5,14.0
579,category,3,1,1,1.0
580,caught,59,29,18,12.0
581,cause,181,88,47,46.0
582,caused,13,1,7,5.0
583,caution,5,1,4,0.0
584,cautious,10,6,4,0.0
585,cbat,24,9,4,11.0
586,cbd,2,1,1,0.0
587,cblast,14,7,3,4.0
588,ccl,29,17,2,10.0
589,cdc,3,1,1,1.0
590,cell,7,1,2,4.0
591,cent,13,9,1,3.0
592,center,6,3,1,2.0
593,centers,3,1,2,0.0
594,central,5,2,2,1.0
595,cents,41,21,8,12.0
596,ceo,27,10,4,13.0
597,certain,29,27,2,0.0
598,certainty,3,2,1,0.0
599,cfii,3,2,1,0.0
600,cfo,4,1,1,2.0
601,cgc,37,14,1,22.0
602,chain,10,7,1,2.0
603,chair,7,2,3,2.0
604,chairman,2,1,1,0.0
605,challenge,178,156,12,10.0
606,challenges,9,6,3,0.0
607,champion,2,1,1,0.0
608,chance,81,60,18,3.0
609,chances,15,11,1,3.0
610,change,236,45,66,125.0
611,changer,12,6,3,3.0
612,changes,16,10,1,5.0
613,changing,11,4,4,3.0
614,channel,156,73,20,63.0
615,channels,52,25,1,26.0
616,charge,18,7,1,10.0
617,charges,3,1,2,0.0
618,charging,11,5,1,5.0
619,chart,287,163,28,96.0
620,charted,9,5,2,2.0
621,charting,42,25,8,9.0
622,charts,136,71,21,44.0
623,chase,13,6,3,4.0
624,chased,2,1,1,0.0
625,chasing,8,4,1,3.0
626,chat,356,208,35,113.0
627,chatroom,6,1,3,2.0
628,chatting,13,5,3,5.0
629,cheap,105,57,15,33.0
630,cheaper,50,25,6,19.0
631,check,256,117,21,118.0
632,checked,17,5,5,7.0
633,checking,19,9,2,8.0
634,checks,13,9,2,2.0
635,cheeseburger,3,2,1,0.0
636,chef,2,1,1,0.0
637,chegg,11,1,3,7.0
638,chemical,4,1,2,1.0
639,chfs,2,1,1,0.0
640,chgg,13,8,2,3.0
641,chick,3,1,1,1.0
642,chicken,10,4,3,3.0
643,children,4,2,1,1.0
644,chill,14,5,3,6.0
645,chilling,6,1,3,2.0
646,china,135,50,30,55.0
647,chinese,61,31,11,19.0
648,chip,14,8,2,4.0
649,chipotle,10,3,1,6.0
650,choice,20,13,3,4.0
651,choked,6,3,3,0.0
652,choose,20,10,3,7.0
653,chooses,4,1,2,1.0
654,chop,18,7,1,10.0
655,choppy,21,8,6,7.0
656,chose,7,5,1,1.0
657,chrome,3,1,1,1.0
658,chwy,10,2,1,7.0
659,cidm,9,1,1,7.0
660,ciic,11,4,2,5.0
661,city,124,15,4,105.0
662,civil,12,1,11,0.0
663,claiming,3,2,1,0.0
664,claims,7,1,6,0.0
665,clarify,8,5,1,2.0
666,class,30,13,1,16.0
667,clay,4,1,1,2.0
668,clean,26,25,1,0.0
669,clear,26,21,4,1.0
670,clears,3,2,1,0.0
671,click,30,14,5,11.0
672,clicked,3,1,1,1.0
673,client,3,2,1,0.0
674,cliff,7,2,1,4.0
675,climb,23,7,2,14.0
676,climbed,3,1,1,1.0
677,climbing,11,3,2,6.0
678,climbs,3,1,1,1.0
679,clock,5,4,1,0.0
680,close,308,170,55,83.0
681,closed,153,63,22,68.0
682,closely,14,7,1,6.0
683,closer,29,13,6,10.0
684,closes,23,6,14,3.0
685,closest,3,1,1,1.0
686,closing,67,29,4,34.0
687,cloud,16,8,3,5.0
688,clown,9,3,3,3.0
689,club,15,4,3,8.0
690,clue,21,6,14,1.0
691,cms,2,1,1,0.0
692,cnbc,45,5,1,39.0
693,cnn,21,2,1,18.0
694,co,24,6,2,16.0
695,coast,8,6,1,1.0
696,coaster,8,6,1,1.0
697,cod,7,1,2,4.0
698,code,28,10,4,14.0
699,coding,4,3,1,0.0
700,coffee,14,8,3,3.0
701,coin,12,5,1,6.0
702,coinbase,5,1,1,3.0
703,coins,8,5,1,2.0
704,cold,14,6,3,5.0
705,collect,6,2,2,2.0
706,college,35,11,8,16.0
707,colors,8,4,1,3.0
708,columbus,3,1,2,0.0
709,com,1064,133,32,899.0
710,combined,9,7,2,0.0
711,combo,9,3,4,2.0
712,come,172,94,19,59.0
713,comeback,6,1,1,4.0
714,comes,56,32,6,18.0
715,comfortable,28,25,3,0.0
716,coming,202,102,42,58.0
717,command,18,2,1,15.0
718,commands,6,1,1,4.0
719,comment,13,9,1,3.0
720,commentary,2,1,1,0.0
721,comments,27,9,1,17.0
722,commodities,5,1,1,3.0
723,common,32,19,8,5.0
724,community,33,27,1,5.0
725,companies,119,71,21,27.0
726,company,239,128,36,75.0
727,compare,11,5,1,5.0
728,compared,31,17,4,10.0
729,competing,2,1,1,0.0
730,competition,16,12,4,0.0
731,complain,19,10,6,3.0
732,complete,36,17,6,13.0
733,completed,7,6,1,0.0
734,completely,29,7,14,8.0
735,compound,12,6,3,3.0
736,computer,34,17,4,13.0
737,concept,11,5,3,3.0
738,concerned,8,2,1,5.0
739,concert,2,1,1,0.0
740,conditions,5,1,1,3.0
741,condor,8,1,3,4.0
742,confidence,29,26,1,2.0
743,confident,34,30,3,1.0
744,confirm,30,7,7,16.0
745,confirmation,35,14,9,12.0
746,confirmed,21,7,5,9.0
747,confirms,3,1,2,0.0
748,confused,39,10,24,5.0
749,confusing,12,3,9,0.0
750,confusion,2,1,1,0.0
751,congrats,102,97,1,4.0
752,congress,6,2,1,3.0
753,consider,39,23,4,12.0
754,considered,11,4,2,5.0
755,considering,35,10,10,15.0
756,consistency,15,8,1,6.0
757,consistent,55,39,4,12.0
758,consistently,23,17,2,4.0
759,console,22,9,1,12.0
760,consoles,11,7,1,3.0
761,consolidating,14,8,1,5.0
762,consolidation,14,4,2,8.0
763,constantly,17,13,2,2.0
764,consumer,8,3,1,4.0
765,contact,29,19,3,7.0
766,content,19,15,3,1.0
767,contention,4,2,2,0.0
768,contested,11,6,3,2.0
769,continue,65,31,20,14.0
770,continues,36,13,9,14.0
771,contract,227,121,40,66.0
772,contraction,4,2,2,0.0
773,contracts,325,170,49,106.0
774,contribution,9,6,2,1.0
775,control,22,10,4,8.0
776,controls,4,3,1,0.0
777,conversation,11,8,2,1.0
778,convo,8,4,3,1.0
779,coo,5,1,4,0.0
780,cool,109,97,11,1.0
781,cop,6,1,2,3.0
782,copy,4,3,1,0.0
783,copyright,2,1,1,0.0
784,corona,23,5,5,13.0
785,coronavirus,72,24,8,40.0
786,corp,13,5,1,7.0
787,corporate,8,2,2,4.0
788,correct,37,12,13,12.0
789,correction,23,9,4,10.0
790,correctly,11,4,1,6.0
791,corsair,5,3,1,1.0
792,corvette,3,1,1,1.0
793,cost,83,51,8,24.0
794,costs,13,9,2,2.0
795,could,627,375,108,144.0
796,couldnt,37,23,5,9.0
797,count,48,24,6,18.0
798,counted,7,3,1,3.0
799,counter,4,1,2,1.0
800,counting,9,5,3,1.0
801,countries,28,4,7,17.0
802,country,38,19,10,9.0
803,counts,10,7,3,0.0
804,couple,236,121,24,91.0
805,course,47,22,7,18.0
806,courses,4,3,1,0.0
807,court,14,9,2,3.0
808,courts,8,2,6,0.0
809,cover,24,11,4,9.0
810,coverage,4,1,3,0.0
811,covered,44,23,11,10.0
812,covid,201,78,43,80.0
813,coz,5,1,3,1.0
814,crack,13,1,2,10.0
815,cramer,21,8,4,9.0
816,crap,26,12,12,2.0
817,crash,78,25,44,9.0
818,crashes,8,1,5,2.0
819,crashing,3,1,1,1.0
820,craziness,6,5,1,0.0
821,crazy,163,135,23,5.0
822,create,30,23,4,3.0
823,creating,7,6,1,0.0
824,credentials,2,1,1,0.0
825,credibily,2,1,1,0.0
826,credit,70,62,5,3.0
827,credits,4,3,1,0.0
828,crime,2,1,1,0.0
829,crimes,2,1,1,0.0
830,criteria,6,4,2,0.0
831,critical,4,3,1,0.0
832,crm,53,19,9,25.0
833,cross,18,3,2,13.0
834,crossed,13,9,4,0.0
835,crowd,5,3,1,1.0
836,crude,7,4,2,1.0
837,cruise,23,16,2,5.0
838,cruises,9,4,3,2.0
839,crush,16,7,7,2.0
840,crushed,12,3,8,1.0
841,crushing,6,1,5,0.0
842,crwd,12,3,1,8.0
843,cry,11,3,7,1.0
844,crypto,76,33,16,27.0
845,cryptocurrency,7,1,1,5.0
846,cult,6,4,1,1.0
847,cultural,2,1,1,0.0
848,cup,58,23,11,24.0
849,cure,7,2,3,2.0
850,curious,42,34,4,4.0
851,curled,4,1,3,0.0
852,curling,4,1,1,2.0
853,currencies,8,5,2,1.0
854,current,75,48,9,18.0
855,currently,93,43,7,43.0
856,cus,7,6,1,0.0
857,custodial,4,1,1,2.0
858,customer,17,11,2,4.0
859,customers,12,7,2,3.0
860,cut,259,46,199,14.0
861,cuts,4,2,1,1.0
862,cutting,30,10,17,3.0
863,cuz,72,27,15,30.0
864,cuzzo,2,1,1,0.0
865,cvna,10,4,2,4.0
866,cvs,17,7,1,9.0
867,cyber,6,3,3,0.0
868,da,17,4,1,12.0
869,dad,27,20,2,5.0
870,daily,124,59,20,45.0
871,dal,23,12,2,9.0
872,dam,15,4,2,9.0
873,damage,7,3,4,0.0
874,damn,339,70,256,13.0
875,dang,39,8,3,28.0
876,dark,20,11,3,6.0
877,dash,9,1,2,6.0
878,dashboard,5,3,1,1.0
879,data,60,31,7,22.0
880,database,4,3,1,0.0
881,date,105,30,36,39.0
882,dated,13,6,3,4.0
883,dates,23,6,7,10.0
884,dating,4,3,1,0.0
885,dawg,10,6,3,1.0
886,day,2029,1116,268,645.0
887,daylight,4,1,3,0.0
888,days,460,287,50,123.0
889,daytrades,15,4,1,10.0
890,daytrading,9,4,1,4.0
891,dd,46,24,5,17.0
892,dead,52,2,47,3.0
893,deadline,7,5,1,1.0
894,deadly,2,1,1,0.0
895,deal,97,44,19,34.0
896,deals,16,10,3,3.0
897,death,11,1,9,1.0
898,deaths,6,1,2,3.0
899,debate,32,12,8,12.0
900,debating,13,4,1,8.0
901,debt,20,10,8,2.0
902,dec,36,11,5,20.0
903,decay,11,2,7,2.0
904,december,52,13,7,32.0
905,decent,109,64,10,35.0
906,decide,36,21,5,10.0
907,decided,50,38,6,6.0
908,decision,18,11,3,4.0
909,decline,5,2,2,1.0
910,decn,7,1,2,4.0
911,decoupled,2,1,1,0.0
912,decrease,4,1,3,0.0
913,ded,3,1,1,1.0
914,deep,18,10,4,4.0
915,def,52,24,9,19.0
916,default,9,2,6,1.0
917,definately,2,1,1,0.0
918,defined,4,2,2,0.0
919,definetly,5,3,2,0.0
920,definitely,164,151,13,0.0
921,degree,4,1,2,1.0
922,delay,7,4,3,0.0
923,delayed,13,4,5,4.0
924,deleted,16,2,3,11.0
925,delisted,6,3,1,2.0
926,deliveries,2,1,1,0.0
927,delta,23,9,3,11.0
928,deltas,3,2,1,0.0
929,dem,9,6,1,2.0
930,demand,45,15,26,4.0
931,demanding,3,1,2,0.0
932,democrats,6,3,3,0.0
933,dems,13,7,2,4.0
934,denied,5,2,2,1.0
935,dependent,8,6,2,0.0
936,depending,32,14,6,12.0
937,depends,58,17,7,34.0
938,deposit,18,12,1,5.0
939,deranged,2,1,1,0.0
940,description,5,2,1,2.0
941,deserve,8,3,2,3.0
942,deserves,3,1,1,1.0
943,desktop,22,16,4,2.0
944,despite,17,9,1,7.0
945,destroy,8,4,4,0.0
946,destroyed,12,1,11,0.0
947,destroying,7,3,4,0.0
948,detail,7,4,3,0.0
949,details,39,17,2,20.0
950,determine,15,10,2,3.0
951,develop,7,3,1,3.0
952,development,8,2,1,5.0
953,deviation,6,3,1,2.0
954,dgly,14,2,2,10.0
955,diagonal,13,9,1,3.0
956,diamond,32,28,4,0.0
957,dick,4,2,2,0.0
958,didnt,291,126,71,94.0
959,die,29,5,23,1.0
960,died,23,2,20,1.0
961,dies,6,1,2,3.0
962,diet,2,1,1,0.0
963,difference,41,20,7,14.0
964,differences,2,1,1,0.0
965,different,114,60,17,37.0
966,differently,10,5,3,2.0
967,difficult,16,4,11,1.0
968,dig,3,2,1,0.0
969,dingers,2,1,1,0.0
970,dinner,23,12,2,9.0
971,dip,240,111,37,92.0
972,dipped,34,12,9,13.0
973,dipping,13,3,5,5.0
974,dips,58,34,7,17.0
975,direct,20,8,2,10.0
976,direction,57,36,10,11.0
977,dirt,4,1,3,0.0
978,dirty,13,1,12,0.0
979,dis,73,39,11,23.0
980,disappear,3,1,1,1.0
981,disappeared,2,1,1,0.0
982,disappointed,8,3,4,1.0
983,disciplined,5,4,1,0.0
984,disclaimer,3,2,1,0.0
985,discord,140,40,67,33.0
986,discords,6,4,2,0.0
987,discount,24,17,4,3.0
988,discussing,7,4,1,2.0
989,discussion,15,7,4,4.0
990,disney,33,16,1,16.0
991,disrespect,2,1,1,0.0
992,disruptor,2,1,1,0.0
993,distance,5,3,1,1.0
994,distracted,8,4,3,1.0
995,distributed,4,1,1,2.0
996,div,15,5,6,4.0
997,dive,9,7,1,1.0
998,diversified,8,4,1,3.0
999,diversify,9,4,1,4.0
1000,dividend,114,64,15,35.0
1001,dividends,33,21,2,10.0
1002,dk,2,1,1,0.0
1003,dkng,136,57,9,70.0
1004,dm,69,40,5,24.0
1005,dmed,10,2,1,7.0
1006,dming,5,1,4,0.0
1007,dms,13,4,4,5.0
1008,doc,3,2,1,0.0
1009,docs,8,4,1,3.0
1010,docu,26,8,2,16.0
1011,doesnt,154,81,31,42.0
1012,dog,13,6,2,5.0
1013,dollar,140,87,23,30.0
1014,dollars,61,31,9,21.0
1015,dominate,2,1,1,0.0
1016,domo,5,1,1,3.0
1017,donate,9,3,2,4.0
1018,done,249,125,36,88.0
1019,dont,639,306,149,184.0
1020,dood,6,3,3,0.0
1021,door,19,4,4,11.0
1022,dope,13,4,2,7.0
1023,double,56,29,4,23.0
1024,doubled,33,14,1,18.0
1025,doubling,6,5,1,0.0
1026,doubt,33,21,10,2.0
1027,dovish,4,1,3,0.0
1028,dow,22,7,3,12.0
1029,download,9,5,3,1.0
1030,downside,28,4,23,1.0
1031,downtrend,13,7,1,5.0
1032,downtrending,4,3,1,0.0
1033,downward,23,8,4,11.0
1034,doyu,3,2,1,0.0
1035,dozen,4,1,2,1.0
1036,dphc,19,8,1,10.0
1037,dpw,16,7,1,8.0
1038,draft,5,2,1,2.0
1039,draftkings,10,2,2,6.0
1040,drafx,3,1,1,1.0
1041,drastically,8,5,3,0.0
1042,drawing,10,6,2,2.0
1043,dreams,5,4,1,0.0
1044,drew,6,4,1,1.0
1045,drilling,6,1,2,3.0
1046,drink,8,3,2,3.0
1047,drinking,4,2,1,1.0
1048,drive,23,10,6,7.0
1049,driven,5,2,3,0.0
1050,drives,4,2,2,0.0
1051,driving,25,14,4,7.0
1052,drop,174,50,120,4.0
1053,dropped,107,35,16,56.0
1054,dropping,41,13,7,21.0
1055,drops,29,17,5,7.0
1056,drove,7,3,3,1.0
1057,drunk,12,5,7,0.0
1058,dry,5,3,1,1.0
1059,dss,3,2,1,0.0
1060,dt,7,2,2,3.0
1061,dte,5,3,1,1.0
1062,dual,2,1,1,0.0
1063,ducked,5,1,1,3.0
1064,dude,103,59,23,21.0
1065,due,89,48,23,18.0
1066,duh,3,2,1,0.0
1067,dumb,31,4,23,4.0
1068,dump,65,10,53,2.0
1069,dumped,26,6,20,0.0
1070,dumping,14,7,7,0.0
1071,dunkin,8,3,1,4.0
1072,dxy,9,2,7,0.0
1073,dying,7,3,1,3.0
1074,dynamic,3,2,1,0.0
1075,dynasty,2,1,1,0.0
1076,e,37,25,4,8.0
1077,earlier,151,66,31,54.0
1078,early,220,108,34,78.0
1079,earn,24,19,1,4.0
1080,earning,39,19,7,13.0
1081,earnings,589,331,75,183.0
1082,ears,4,1,2,1.0
1083,easier,34,27,5,2.0
1084,easiest,11,10,1,0.0
1085,easily,40,31,6,3.0
1086,easing,5,3,2,0.0
1087,east,7,5,1,1.0
1088,eastern,5,1,2,2.0
1089,easy,172,166,3,3.0
1090,eat,27,13,4,10.0
1091,eating,19,15,2,2.0
1092,ebay,4,1,1,2.0
1093,ebbing,2,1,1,0.0
1094,econ,5,2,3,0.0
1095,economic,22,11,4,7.0
1096,economy,31,16,9,6.0
1097,ect,3,2,1,0.0
1098,edge,19,6,1,12.0
1099,educated,4,2,1,1.0
1100,educational,8,6,1,1.0
1101,effect,23,11,3,9.0
1102,effective,17,16,1,0.0
1103,effects,6,2,4,0.0
1104,eh,20,12,2,6.0
1105,either,168,74,60,34.0
1106,elderly,2,1,1,0.0
1107,election,178,59,40,79.0
1108,elections,46,23,4,19.0
1109,electoral,11,4,2,5.0
1110,electric,18,7,1,10.0
1111,eliminating,2,1,1,0.0
1112,elliot,12,5,3,4.0
1113,elon,78,35,15,28.0
1114,else,155,86,20,49.0
1115,em,54,22,6,26.0
1116,ema,42,15,7,20.0
1117,email,14,8,4,2.0
1118,eman,3,2,1,0.0
1119,emergency,14,6,6,2.0
1120,emerging,12,9,2,1.0
1121,emoji,14,3,3,8.0
1122,emoji_40,5,1,2,2.0
1123,emoji_41,7,1,4,2.0
1124,emoji_42,12,3,3,6.0
1125,emojis,8,1,1,6.0
1126,emotion,4,1,3,0.0
1127,emotional,6,5,1,0.0
1128,emotions,13,7,1,5.0
1129,empire,2,1,1,0.0
1130,employee,7,5,1,1.0
1131,employees,11,5,6,0.0
1132,employment,2,1,1,0.0
1133,end,240,129,47,64.0
1134,ended,76,34,20,22.0
1135,ends,16,7,3,6.0
1136,energy,43,36,4,3.0
1137,enforcement,2,1,1,0.0
1138,engine,5,2,1,2.0
1139,engineering,7,3,4,0.0
1140,english,6,4,2,0.0
1141,enjoy,41,40,1,0.0
1142,enjoyable,3,2,1,0.0
1143,enough,168,99,24,45.0
1144,enph,13,7,1,5.0
1145,enter,135,78,13,44.0
1146,entered,60,24,9,27.0
1147,entering,31,21,9,1.0
1148,enticing,3,2,1,0.0
1149,entire,27,14,5,8.0
1150,entries,36,19,2,15.0
1151,entry,234,146,38,50.0
1152,eod,31,15,8,8.0
1153,eoy,22,10,2,10.0
1154,epic,27,15,3,9.0
1155,epoch,4,1,3,0.0
1156,equal,7,4,2,1.0
1157,equities,12,3,4,5.0
1158,equity,31,19,5,7.0
1159,er,179,95,30,54.0
1160,erased,6,3,3,0.0
1161,erik,27,19,2,6.0
1162,errors,4,3,1,0.0
1163,es,110,21,6,83.0
1164,especially,72,33,23,16.0
1165,essential,5,3,2,0.0
1166,essentially,15,7,2,6.0
1167,essentials,3,1,2,0.0
1168,est,43,33,1,9.0
1169,estate,15,6,1,8.0
1170,estimate,7,2,2,3.0
1171,estimates,6,4,2,0.0
1172,etc,86,55,12,19.0
1173,etf,112,65,10,37.0
1174,etfs,41,26,6,9.0
1175,etrade,7,3,2,2.0
1176,eu,10,4,5,1.0
1177,euro,12,7,1,4.0
1178,europe,24,13,3,8.0
1179,eurozone,3,2,1,0.0
1180,ev,78,34,13,31.0
1181,even,468,250,94,124.0
1182,evening,20,17,1,2.0
1183,event,47,18,13,16.0
1184,eventually,35,20,8,7.0
1185,ever,153,78,30,45.0
1186,every,204,112,37,55.0
1187,everybody,28,20,1,7.0
1188,everyday,61,31,12,18.0
1189,everyone,645,368,59,218.0
1190,everything,170,83,32,55.0
1191,everytime,4,3,1,0.0
1192,everywhere,10,2,6,2.0
1193,evidence,17,10,6,1.0
1194,evil,6,1,1,4.0
1195,evryone,2,1,1,0.0
1196,evs,10,6,2,2.0
1197,ex,22,9,8,5.0
1198,exact,16,13,1,2.0
1199,exactly,50,24,7,19.0
1200,example,61,38,6,17.0
1201,exas,95,57,12,26.0
1202,excellent,10,9,1,0.0
1203,except,26,13,4,9.0
1204,exchange,13,5,2,6.0
1205,exchanges,5,2,1,2.0
1206,excited,40,34,2,4.0
1207,exclusive,7,3,4,0.0
1208,excuse,11,4,7,0.0
1209,execute,7,4,2,1.0
1210,executive,15,9,4,2.0
1211,exercise,18,8,6,4.0
1212,exercised,9,2,2,5.0
1213,exist,5,3,1,1.0
1214,existent,2,1,1,0.0
1215,existing,4,1,3,0.0
1216,exit,83,55,13,15.0
1217,exited,17,3,5,9.0
1218,exits,18,11,3,4.0
1219,exp,49,21,15,13.0
1220,expect,85,42,14,29.0
1221,expectations,21,11,5,5.0
1222,expected,46,31,3,12.0
1223,expecting,69,25,13,31.0
1224,expects,15,3,3,9.0
1225,expenses,4,3,1,0.0
1226,expensive,47,26,7,14.0
1227,experience,46,27,6,13.0
1228,experienced,20,13,4,3.0
1229,experiences,4,1,3,0.0
1230,expert,9,5,3,1.0
1231,expiration,34,11,8,15.0
1232,expirations,13,7,1,5.0
1233,expire,36,17,11,8.0
1234,expired,6,2,3,1.0
1235,expires,8,5,2,1.0
1236,expiring,14,2,4,8.0
1237,expiry,10,4,4,2.0
1238,explain,32,13,6,13.0
1239,exploded,5,1,1,3.0
1240,exponentially,4,2,1,1.0
1241,export,14,2,6,6.0
1242,exports,22,19,2,1.0
1243,exposure,13,7,3,3.0
1244,extended,19,11,4,4.0
1245,extending,4,3,1,0.0
1246,extension,12,3,1,8.0
1247,extensions,2,1,1,0.0
1248,extra,62,51,5,6.0
1249,extremely,27,12,10,5.0
1250,eye,79,49,6,24.0
1251,eyeing,11,4,2,5.0
1252,eyes,29,13,3,13.0
1253,f,42,22,2,18.0
1254,face,17,9,4,4.0
1255,facebook,26,11,3,12.0
1256,faces,5,1,1,3.0
1257,fact,28,14,6,8.0
1258,factor,6,4,2,0.0
1259,facts,34,14,2,18.0
1260,fade,2,1,1,0.0
1261,fail,12,3,6,3.0
1262,failed,22,8,14,0.0
1263,fails,7,4,3,0.0
1264,fairly,9,3,2,4.0
1265,faith,21,20,1,0.0
1266,fake,47,2,40,5.0
1267,falcon,3,1,1,1.0
1268,fall,72,29,12,31.0
1269,falling,60,15,45,0.0
1270,falls,21,8,8,5.0
1271,false,19,8,6,5.0
1272,fam,34,24,4,6.0
1273,familiar,18,4,4,10.0
1274,family,50,34,8,8.0
1275,fan,19,9,9,1.0
1276,fans,7,3,1,3.0
1277,fantastic,9,8,1,0.0
1278,far,223,114,35,74.0
1279,farther,2,1,1,0.0
1280,fast,96,58,14,24.0
1281,faster,21,9,6,6.0
1282,fastly,7,4,2,1.0
1283,fat,47,21,12,14.0
1284,fate,5,3,2,0.0
1285,favor,23,22,1,0.0
1286,favorite,41,38,3,0.0
1287,fb,141,68,24,49.0
1288,fbi,3,1,1,1.0
1289,fck,3,1,2,0.0
1290,fda,36,20,4,12.0
1291,fdx,21,7,7,7.0
1292,feac,9,2,1,6.0
1293,fear,18,2,9,7.0
1294,feature,19,7,1,11.0
1295,fed,32,13,6,13.0
1296,federal,17,2,5,10.0
1297,fee,16,7,3,6.0
1298,feed,11,5,1,5.0
1299,feedback,11,7,2,2.0
1300,feel,237,171,38,28.0
1301,feeling,41,33,6,2.0
1302,feelings,14,5,2,7.0
1303,feels,34,29,4,1.0
1304,fees,15,6,5,4.0
1305,feet,6,3,3,0.0
1306,fell,32,16,7,9.0
1307,felt,21,14,6,1.0
1308,fence,9,2,1,6.0
1309,ffs,5,1,4,0.0
1310,fib,43,26,1,16.0
1311,field,11,7,2,2.0
1312,fifo,2,1,1,0.0
1313,fight,21,6,12,3.0
1314,fighting,8,3,4,1.0
1315,figure,53,20,7,26.0
1316,figured,28,12,6,10.0
1317,figuring,4,3,1,0.0
1318,fil,3,1,1,1.0
1319,fill,90,45,12,33.0
1320,filled,84,36,13,35.0
1321,filling,3,1,2,0.0
1322,fills,14,9,2,3.0
1323,film,5,1,4,0.0
1324,final,24,9,2,13.0
1325,finally,184,79,32,73.0
1326,finance,44,7,4,33.0
1327,financial,27,18,3,6.0
1328,financials,19,11,1,7.0
1329,financing,11,2,6,3.0
1330,find,204,108,31,65.0
1331,finding,14,9,4,1.0
1332,fine,62,53,9,0.0
1333,fingers,11,1,5,5.0
1334,finish,24,10,4,10.0
1335,finished,18,11,2,5.0
1336,finna,10,1,5,4.0
1337,fintech,5,3,1,1.0
1338,finviz,17,8,1,8.0
1339,fire,54,11,38,5.0
1340,firm,13,7,4,2.0
1341,first,432,230,57,145.0
1342,firstsquawk,3,1,1,1.0
1343,fish,6,2,1,3.0
1344,fit,13,11,2,0.0
1345,fits,7,4,3,0.0
1346,five,19,7,7,5.0
1347,fixed,11,5,2,4.0
1348,fizz,6,3,1,2.0
1349,fk,11,3,1,7.0
1350,fkn,5,3,2,0.0
1351,fl,9,1,4,4.0
1352,flag,63,21,25,17.0
1353,flagging,6,2,1,3.0
1354,flags,7,1,3,3.0
1355,flat,18,3,2,13.0
1356,flex,9,5,2,2.0
1357,flights,3,1,1,1.0
1358,flip,23,8,4,11.0
1359,flipped,12,5,4,3.0
1360,flipping,15,1,6,8.0
1361,flnt,2,1,1,0.0
1362,float,33,13,10,10.0
1363,flock,2,1,1,0.0
1364,floor,102,33,4,65.0
1365,flop,4,2,1,1.0
1366,florida,10,2,2,6.0
1367,flow,38,16,3,19.0
1368,flowalgo,8,3,1,4.0
1369,fly,19,9,1,9.0
1370,flying,16,4,4,8.0
1371,fnko,5,2,1,2.0
1372,fo,7,1,1,5.0
1373,focus,54,31,9,14.0
1374,focused,13,12,1,0.0
1375,focusing,11,6,4,1.0
1376,folks,24,17,2,5.0
1377,follow,98,67,5,26.0
1378,followed,52,40,3,9.0
1379,followers,6,2,1,3.0
1380,following,60,39,5,16.0
1381,follows,8,4,1,3.0
1382,fomo,43,20,10,13.0
1383,food,29,17,5,7.0
1384,foods,3,2,1,0.0
1385,fooled,4,3,1,0.0
1386,foot,6,2,2,2.0
1387,force,10,4,4,2.0
1388,forced,8,6,2,0.0
1389,ford,16,12,1,3.0
1390,forever,17,8,4,5.0
1391,forex,112,43,16,53.0
1392,forget,40,25,14,1.0
1393,forgot,116,57,14,45.0
1394,form,26,14,5,7.0
1395,formed,5,1,3,1.0
1396,former,7,1,2,4.0
1397,forms,16,9,3,4.0
1398,forth,7,4,1,2.0
1399,fortnite,11,6,4,1.0
1400,forums,3,2,1,0.0
1401,forward,51,31,2,18.0
1402,found,77,44,12,21.0
1403,founder,5,2,1,2.0
1404,four,8,5,2,1.0
1405,fox,4,1,1,2.0
1406,fr,42,11,5,26.0
1407,fraction,7,1,6,0.0
1408,fractional,8,6,1,1.0
1409,frame,27,15,3,9.0
1410,frames,14,9,3,2.0
1411,framework,2,1,1,0.0
1412,frankly,7,6,1,0.0
1413,fraud,13,1,6,6.0
1414,freak,2,1,1,0.0
1415,freaking,12,1,11,0.0
1416,free,402,388,8,6.0
1417,freebie,12,11,1,0.0
1418,frequent,3,1,1,1.0
1419,fresh,18,11,7,0.0
1420,fri,3,1,1,1.0
1421,friday,305,142,44,119.0
1422,fridays,12,6,3,3.0
1423,friend,59,52,6,1.0
1424,friends,53,51,2,0.0
1425,front,10,2,2,6.0
1426,fsly,86,39,8,39.0
1427,fsr,25,7,1,17.0
1428,fuck,107,10,95,2.0
1429,fucked,29,6,23,0.0
1430,fuckin,16,10,2,4.0
1431,fucking,96,39,34,23.0
1432,full,74,37,17,20.0
1433,fully,9,4,2,3.0
1434,fun,101,95,5,1.0
1435,fund,46,23,5,18.0
1436,fundamental,18,16,1,1.0
1437,fundamentally,4,2,1,1.0
1438,fundamentals,21,12,6,3.0
1439,funded,6,4,2,0.0
1440,funds,69,30,11,28.0
1441,funny,49,28,9,12.0
1442,future,85,52,10,23.0
1443,futures,276,95,39,142.0
1444,fuv,3,1,1,1.0
1445,fvrr,8,2,2,4.0
1446,fx,17,7,1,9.0
1447,fyi,13,12,1,0.0
1448,g,17,9,2,6.0
1449,ga,4,2,2,0.0
1450,gain,332,320,6,6.0
1451,gainers,6,2,1,3.0
1452,gains,716,668,33,15.0
1453,gamble,45,21,7,17.0
1454,gambles,6,3,3,0.0
1455,gambling,17,7,5,5.0
1456,game,145,64,30,51.0
1457,games,23,12,8,3.0
1458,gamestop,10,5,2,3.0
1459,gaming,25,9,5,11.0
1460,gamma,4,1,1,2.0
1461,gang,191,24,4,163.0
1462,gap,146,65,21,60.0
1463,gaps,26,7,3,16.0
1464,garbage,8,1,5,2.0
1465,gas,14,4,2,8.0
1466,gate,24,10,1,13.0
1467,gathered,5,3,2,0.0
1468,gatherings,3,1,2,0.0
1469,gave,62,45,6,11.0
1470,gay,5,2,1,2.0
1471,gbp,6,2,1,3.0
1472,gbpusd,11,6,1,4.0
1473,gc,9,4,1,4.0
1474,gdp,7,4,2,1.0
1475,gem,6,3,1,2.0
1476,general,38,12,8,18.0
1477,generation,7,5,1,1.0
1478,genuinely,9,8,1,0.0
1479,georgia,14,9,2,3.0
1480,german,11,3,1,7.0
1481,get,1448,735,250,463.0
1482,gets,109,43,29,37.0
1483,getting,315,138,70,107.0
1484,gevo,20,6,2,12.0
1485,gf,9,7,2,0.0
1486,gform,5,3,2,0.0
1487,giant,7,1,3,3.0
1488,gif,239,1,1,237.0
1489,gik,3,1,1,1.0
1490,girl,19,13,3,3.0
1491,girls,9,2,3,4.0
1492,give,208,129,25,54.0
1493,given,43,15,14,14.0
1494,gives,45,32,6,7.0
1495,giving,47,38,8,1.0
1496,gix,6,1,1,4.0
1497,glad,80,79,1,0.0
1498,glass,3,2,1,0.0
1499,gle,11,7,2,2.0
1500,glop,2,1,1,0.0
1501,gm,26,6,5,15.0
1502,gme,45,19,3,23.0
1503,gnite,2,1,1,0.0
1504,gnus,55,11,8,36.0
1505,go,1021,432,135,454.0
1506,goal,50,31,8,11.0
1507,goals,11,5,1,5.0
1508,goat,25,10,3,12.0
1509,god,94,84,8,2.0
1510,goddamn,6,3,3,0.0
1511,gods,3,2,1,0.0
1512,goes,248,111,40,97.0
1513,goin,9,4,1,4.0
1514,going,972,410,167,395.0
1515,gold,125,65,10,50.0
1516,golden,22,6,1,15.0
1517,gon,4,1,2,1.0
1518,gone,57,22,9,26.0
1519,gonna,552,241,134,177.0
1520,good,1891,1751,130,10.0
1521,goodnight,10,3,1,6.0
1522,goods,11,1,9,1.0
1523,google,98,25,13,60.0
1524,goooo,24,3,6,15.0
1525,gop,7,1,3,3.0
1526,gosh,11,9,1,1.0
1527,got,1110,569,188,353.0
1528,gotcha,39,6,1,32.0
1529,gotta,189,90,26,73.0
1530,gotten,23,9,9,5.0
1531,government,35,17,5,13.0
1532,govt,12,3,5,4.0
1533,gpu,11,3,4,4.0
1534,grab,22,17,2,3.0
1535,grabbed,39,21,5,13.0
1536,graduated,2,1,1,0.0
1537,grandpa,8,4,1,3.0
1538,graphs,4,2,1,1.0
1539,great,602,584,15,3.0
1540,greater,11,9,1,1.0
1541,greatest,14,13,1,0.0
1542,greed,28,6,22,0.0
1543,greedy,50,36,14,0.0
1544,greeks,8,1,2,5.0
1545,green,505,440,46,19.0
1546,grew,5,1,4,0.0
1547,gril,14,4,2,8.0
1548,grind,13,12,1,0.0
1549,grmn,9,6,3,0.0
1550,grnq,9,1,3,5.0
1551,gross,6,1,5,0.0
1552,ground,8,7,1,0.0
1553,group,203,156,16,31.0
1554,groups,19,8,8,3.0
1555,grow,57,41,5,11.0
1556,growing,41,38,2,1.0
1557,grown,4,2,2,0.0
1558,growth,113,96,11,6.0
1559,gtfo,4,2,2,0.0
1560,guess,124,61,23,40.0
1561,guessing,22,7,2,13.0
1562,guidance,23,13,6,4.0
1563,gun,7,1,5,1.0
1564,gunna,24,13,5,6.0
1565,gurus,8,7,1,0.0
1566,gut,10,4,2,4.0
1567,guy,105,49,29,27.0
1568,guys,585,313,76,196.0
1569,gyazo,14,2,1,11.0
1570,gym,9,2,5,2.0
1571,h,30,10,3,17.0
1572,ha,34,32,2,0.0
1573,habits,2,1,1,0.0
1574,hah,10,4,1,5.0
1575,haha,308,280,18,10.0
1576,hahah,36,15,1,20.0
1577,hahaha,62,59,1,2.0
1578,hahahaha,20,4,2,14.0
1579,half,289,116,67,106.0
1580,halloween,9,3,2,4.0
1581,halted,13,2,1,10.0
1582,hammer,20,5,8,7.0
1583,hand,42,33,1,8.0
1584,handed,6,2,4,0.0
1585,handle,64,28,12,24.0
1586,hands,127,98,8,21.0
1587,hang,34,8,4,22.0
1588,happen,139,62,29,48.0
1589,happened,75,19,24,32.0
1590,happening,47,18,9,20.0
1591,happens,106,58,20,28.0
1592,happy,166,156,2,8.0
1593,hard,174,67,104,3.0
1594,harder,7,2,4,1.0
1595,harry,31,24,1,6.0
1596,hasnt,23,8,6,9.0
1597,hat,9,2,3,4.0
1598,hate,58,15,42,1.0
1599,hated,4,2,2,0.0
1600,hating,2,1,1,0.0
1601,havent,91,39,14,38.0
1602,hawk,2,1,1,0.0
1603,hd,33,13,2,18.0
1604,head,80,35,10,35.0
1605,heading,27,16,3,8.0
1606,headlines,4,2,1,1.0
1607,headphones,4,1,1,2.0
1608,heads,25,18,2,5.0
1609,health,21,11,4,6.0
1610,healthcare,8,6,1,1.0
1611,healthy,12,11,1,0.0
1612,hear,73,45,9,19.0
1613,heard,82,38,18,26.0
1614,heart,8,3,4,1.0
1615,heavily,18,11,3,4.0
1616,heavy,58,29,17,12.0
1617,heck,19,6,2,11.0
1618,hedge,70,29,12,29.0
1619,hedges,19,12,2,5.0
1620,hedging,9,3,4,2.0
1621,held,169,88,23,58.0
1622,hell,113,8,99,6.0
1623,hella,24,9,12,3.0
1624,hellcat,3,1,1,1.0
1625,help,208,186,15,7.0
1626,helpful,23,22,1,0.0
1627,helping,35,32,2,1.0
1628,helps,15,13,1,1.0
1629,hence,11,6,1,4.0
1630,hero,4,3,1,0.0
1631,hes,24,10,7,7.0
1632,hesitant,7,5,2,0.0
1633,hesitate,5,3,1,1.0
1634,hey,261,127,18,116.0
1635,hi,99,42,2,55.0
1636,hidden,3,2,1,0.0
1637,hiding,2,1,1,0.0
1638,high,324,164,79,81.0
1639,higher,148,81,24,43.0
1640,highest,33,14,3,16.0
1641,highly,20,13,3,4.0
1642,highs,48,18,12,18.0
1643,hindenburg,10,2,5,3.0
1644,hippo,9,5,3,1.0
1645,hired,6,3,2,1.0
1646,historical,5,2,1,2.0
1647,historically,20,12,3,5.0
1648,history,14,9,3,2.0
1649,hit,283,152,42,89.0
1650,hits,47,15,7,25.0
1651,hitting,22,8,6,8.0
1652,hmm,40,10,3,27.0
1653,hoarding,2,1,1,0.0
1654,hold,389,195,56,138.0
1655,holder,11,6,2,3.0
1656,holders,13,7,1,5.0
1657,holding,538,222,78,238.0
1658,holdings,19,9,3,7.0
1659,holds,42,17,5,20.0
1660,hole,11,9,1,1.0
1661,holy,95,16,52,27.0
1662,home,89,43,11,35.0
1663,homes,3,1,1,1.0
1664,homework,11,4,1,6.0
1665,homies,9,2,1,6.0
1666,honest,10,9,1,0.0
1667,honestly,78,68,10,0.0
1668,honesty,2,1,1,0.0
1669,honor,5,3,2,0.0
1670,hood,5,3,1,1.0
1671,hop,43,24,5,14.0
1672,hope,248,234,13,1.0
1673,hoped,3,1,2,0.0
1674,hopefully,133,123,7,3.0
1675,hopes,12,10,2,0.0
1676,hoping,112,104,8,0.0
1677,hopped,7,4,3,0.0
1678,hopping,14,3,2,9.0
1679,hormel,4,1,2,1.0
1680,horrible,13,2,11,0.0
1681,hospital,14,9,4,1.0
1682,hot,34,13,8,13.0
1683,hotel,5,4,1,0.0
1684,hotels,9,5,3,1.0
1685,hour,98,44,13,41.0
1686,hours,208,89,23,96.0
1687,house,101,51,15,35.0
1688,houses,4,1,1,2.0
1689,however,42,25,5,12.0
1690,hr,12,4,4,4.0
1691,hrs,7,5,1,1.0
1692,htb,3,1,1,1.0
1693,html,107,8,4,95.0
1694,https,1263,224,47,992.0
1695,htz,13,6,1,6.0
1696,huge,166,134,27,5.0
1697,hugging,2,1,1,0.0
1698,huh,46,12,5,29.0
1699,humans,4,2,2,0.0
1700,hundred,26,21,1,4.0
1701,hundreds,4,2,1,1.0
1702,hunt,3,1,1,1.0
1703,hurt,24,4,20,0.0
1704,hurts,13,2,11,0.0
1705,husa,6,1,1,4.0
1706,husn,3,2,1,0.0
1707,huuuuge,7,6,1,0.0
1708,hyln,50,16,6,28.0
1709,hype,76,34,8,34.0
1710,hyperlink,3,1,1,1.0
1711,hypothetically,6,3,2,1.0
1712,iam,3,2,1,0.0
1713,ib,7,2,1,4.0
1714,ibio,14,2,2,10.0
1715,ibm,3,1,2,0.0
1716,ice,8,1,1,6.0
1717,iceland,4,2,1,1.0
1718,icon,9,5,1,3.0
1719,id,25,10,5,10.0
1720,idc,6,3,1,2.0
1721,idea,127,66,47,14.0
1722,ideal,15,13,2,0.0
1723,ideas,50,26,6,18.0
1724,idek,4,1,3,0.0
1725,identical,5,2,1,2.0
1726,identify,10,9,1,0.0
1727,idex,63,19,9,35.0
1728,idgaf,2,1,1,0.0
1729,idiot,25,6,18,1.0
1730,idk,149,68,79,2.0
1731,ie,8,4,3,1.0
1732,iea,7,4,1,2.0
1733,ig,16,7,1,8.0
1734,igc,9,1,3,5.0
1735,ignore,20,5,15,0.0
1736,ii,6,4,1,1.0
1737,ik,13,7,2,4.0
1738,ill,114,24,86,4.0
1739,illegal,11,2,8,1.0
1740,illness,3,1,2,0.0
1741,im,517,221,98,198.0
1742,ima,14,7,1,6.0
1743,image,11,4,1,6.0
1744,images,16,2,2,12.0
1745,imagine,63,33,6,24.0
1746,imma,31,14,6,11.0
1747,immediately,16,7,6,3.0
1748,imo,122,61,25,36.0
1749,impact,8,5,2,1.0
1750,impacted,5,2,2,1.0
1751,implement,10,1,3,6.0
1752,important,46,35,11,0.0
1753,imposter,9,4,1,4.0
1754,impressed,3,1,2,0.0
1755,impressive,17,14,3,0.0
1756,improving,2,1,1,0.0
1757,inauguration,2,1,1,0.0
1758,inc,16,5,2,9.0
1759,include,16,6,5,5.0
1760,included,14,9,1,4.0
1761,includes,4,1,2,1.0
1762,including,32,26,3,3.0
1763,income,27,19,3,5.0
1764,increase,30,28,1,1.0
1765,incredible,3,1,1,1.0
1766,incredibly,8,3,4,1.0
1767,incremental,2,1,1,0.0
1768,indecision,6,3,3,0.0
1769,indeed,13,5,1,7.0
1770,index,78,17,34,27.0
1771,india,10,2,4,4.0
1772,indian,6,1,2,3.0
1773,indicates,2,1,1,0.0
1774,indicator,40,15,7,18.0
1775,indicators,38,23,2,13.0
1776,individual,19,14,1,4.0
1777,industries,3,1,2,0.0
1778,industry,32,19,5,8.0
1779,infinite,4,1,3,0.0
1780,inflated,9,2,7,0.0
1781,inflation,13,3,9,1.0
1782,influence,4,3,1,0.0
1783,info,86,53,7,26.0
1784,inform,2,1,1,0.0
1785,information,45,34,4,7.0
1786,initial,38,24,9,5.0
1787,initially,11,7,1,3.0
1788,initiated,5,3,1,1.0
1789,injured,3,1,2,0.0
1790,innovative,7,2,5,0.0
1791,ino,16,4,4,8.0
1792,inovio,8,4,1,3.0
1793,input,18,13,1,4.0
1794,insane,81,12,66,3.0
1795,inside,20,8,9,3.0
1796,insight,15,13,1,1.0
1797,instagram,35,23,4,8.0
1798,install,3,1,1,1.0
1799,instant,17,11,4,2.0
1800,instead,89,56,16,17.0
1801,institutional,9,8,1,0.0
1802,institutions,11,4,2,5.0
1803,instructions,4,1,1,2.0
1804,insult,2,1,1,0.0
1805,insulting,2,1,1,0.0
1806,intc,61,25,13,23.0
1807,intel,29,14,7,8.0
1808,intensity,3,1,2,0.0
1809,interactive,9,5,1,3.0
1810,interest,61,55,6,0.0
1811,interested,55,52,1,2.0
1812,interesting,153,150,2,1.0
1813,internationally,3,1,2,0.0
1814,internet,12,3,2,7.0
1815,interpret,2,1,1,0.0
1816,interpreted,2,1,1,0.0
1817,interview,4,1,2,1.0
1818,intraday,23,12,3,8.0
1819,inverse,47,19,4,24.0
1820,invest,97,68,7,22.0
1821,invested,48,20,6,22.0
1822,investigate,2,1,1,0.0
1823,investing,94,45,6,43.0
1824,investment,91,68,12,11.0
1825,investments,25,16,2,7.0
1826,investopedia,18,6,1,11.0
1827,investor,24,11,2,11.0
1828,investors,62,24,16,22.0
1829,invite,48,42,5,1.0
1830,invited,4,2,1,1.0
1831,invites,18,7,5,6.0
1832,involved,10,5,4,1.0
1833,ip,2,1,1,0.0
1834,iphone,20,8,2,10.0
1835,ipo,91,30,10,51.0
1836,ipob,13,4,2,7.0
1837,ipos,14,8,2,4.0
1838,iqoption,9,3,3,3.0
1839,ira,17,3,2,12.0
1840,ireland,5,2,3,0.0
1841,irm,21,12,3,6.0
1842,iron,22,9,3,10.0
1843,irs,6,3,2,1.0
1844,ish,23,8,3,12.0
1845,isnt,79,20,33,26.0
1846,issue,17,8,4,5.0
1847,issues,19,10,5,4.0
1848,items,3,1,2,0.0
1849,itll,17,2,6,9.0
1850,itm,54,13,8,33.0
1851,iv,43,24,10,9.0
1852,ive,52,24,4,24.0
1853,iwm,11,6,3,2.0
1854,izea,24,7,5,12.0
1855,jack,18,9,4,5.0
1856,jagx,10,5,1,4.0
1857,jaime,6,2,2,2.0
1858,jan,39,16,3,20.0
1859,january,28,11,3,14.0
1860,japan,7,3,2,2.0
1861,je,11,6,3,2.0
1862,jealous,4,1,2,1.0
1863,jepi,11,3,2,6.0
1864,jerome,3,1,1,1.0
1865,jesus,33,8,1,24.0
1866,jets,7,4,1,2.0
1867,jim,10,3,1,6.0
1868,jks,48,17,8,23.0
1869,jmia,21,6,4,11.0
1870,jnj,8,2,2,4.0
1871,job,192,153,10,29.0
1872,jobs,14,7,2,5.0
1873,joe,15,12,1,2.0
1874,johnson,8,1,5,2.0
1875,join,135,120,14,1.0
1876,joined,46,31,4,11.0
1877,joint,3,1,1,1.0
1878,joke,30,19,7,4.0
1879,joking,6,3,3,0.0
1880,journey,4,3,1,0.0
1881,jpm,28,16,1,11.0
1882,july,24,17,3,4.0
1883,jump,46,22,8,16.0
1884,jumped,34,25,3,6.0
1885,jumping,9,5,3,1.0
1886,jumps,4,1,1,2.0
1887,june,37,25,4,8.0
1888,junk,6,1,5,0.0
1889,jus,9,5,1,3.0
1890,jwn,11,6,1,4.0
1891,k,46,17,4,25.0
1892,kangaroo,4,2,1,1.0
1893,kanye,15,3,4,8.0
1894,kcac,4,2,1,1.0
1895,keep,405,228,54,123.0
1896,keeping,169,45,15,109.0
1897,keeps,63,23,10,30.0
1898,kek,27,3,1,23.0
1899,kekw,80,15,8,57.0
1900,kentucky,2,1,1,0.0
1901,kept,129,50,10,69.0
1902,key,71,43,13,15.0
1903,kick,14,6,3,5.0
1904,kicked,20,14,5,1.0
1905,kicking,4,3,1,0.0
1906,kid,15,8,1,6.0
1907,kidney,8,4,1,3.0
1908,kids,26,12,9,5.0
1909,kill,27,8,17,2.0
1910,killed,33,4,29,0.0
1911,killer,14,3,11,0.0
1912,killing,72,4,68,0.0
1913,kind,69,32,17,20.0
1914,kinda,122,64,26,32.0
1915,kindred,31,15,1,15.0
1916,kinds,7,6,1,0.0
1917,king,24,9,2,13.0
1918,kings,6,3,2,1.0
1919,kissed,6,3,3,0.0
1920,kit,2,1,1,0.0
1921,kitchen,4,1,1,2.0
1922,knees,2,1,1,0.0
1923,knew,42,22,9,11.0
1924,knicks,2,1,1,0.0
1925,knife,2,1,1,0.0
1926,knock,5,2,2,1.0
1927,know,686,344,98,244.0
1928,knowing,12,7,1,4.0
1929,knowledge,26,21,3,2.0
1930,known,12,8,2,2.0
1931,knows,59,34,9,16.0
1932,ko,53,28,9,16.0
1933,kodak,9,4,1,4.0
1934,kxin,13,2,2,9.0
1935,kyale,4,2,1,1.0
1936,l,59,19,13,27.0
1937,lack,12,3,9,0.0
1938,lagging,9,3,6,0.0
1939,laid,3,1,2,0.0
1940,land,13,7,1,5.0
1941,language,4,1,2,1.0
1942,lap,5,3,2,0.0
1943,laptop,2,1,1,0.0
1944,large,55,28,8,19.0
1945,larger,21,12,3,6.0
1946,largest,13,10,1,2.0
1947,laser,2,1,1,0.0
1948,last,752,299,165,288.0
1949,late,135,58,19,58.0
1950,lately,39,15,10,14.0
1951,later,121,63,14,44.0
1952,launch,16,9,1,6.0
1953,law,9,5,1,3.0
1954,lawsuits,3,1,1,1.0
1955,lay,4,1,3,0.0
1956,laying,5,1,1,3.0
1957,lazy,12,6,6,0.0
1958,lca,19,6,1,12.0
1959,leader,15,3,5,7.0
1960,leadership,6,4,1,1.0
1961,leading,22,5,5,12.0
1962,leak,4,1,3,0.0
1963,leaked,5,1,4,0.0
1964,leaning,7,5,1,1.0
1965,leap,32,17,3,12.0
1966,leaps,72,45,2,25.0
1967,learn,208,132,24,52.0
1968,learned,96,61,12,23.0
1969,learning,103,65,4,34.0
1970,least,149,98,24,27.0
1971,leave,38,18,20,0.0
1972,leaving,20,4,4,12.0
1973,led,7,4,2,1.0
1974,left,153,79,31,43.0
1975,leg,33,12,4,17.0
1976,legacy,6,1,1,4.0
1977,legal,13,8,5,0.0
1978,legalization,12,1,4,7.0
1979,legend,25,13,4,8.0
1980,legged,2,1,1,0.0
1981,legit,32,15,10,7.0
1982,legs,15,6,2,7.0
1983,lemme,22,8,5,9.0
1984,less,177,100,25,52.0
1985,lesson,31,19,6,6.0
1986,let,477,223,57,197.0
1987,lets,94,33,10,51.0
1988,letting,110,43,14,53.0
1989,level,597,547,19,31.0
1990,levels,80,50,11,19.0
1991,leverage,17,9,2,6.0
1992,leveraged,11,8,2,1.0
1993,lidar,4,2,1,1.0
1994,lie,20,9,5,6.0
1995,lies,4,1,3,0.0
1996,life,103,51,17,35.0
1997,light,45,25,4,16.0
1998,like,1984,1746,202,36.0
1999,liked,15,13,2,0.0
2000,likely,120,62,24,34.0
2001,lil,55,36,4,15.0
2002,limit,71,34,26,11.0
2003,limited,34,18,9,7.0
2004,line,121,49,31,41.0
2005,lines,48,28,10,10.0
2006,link,90,47,14,29.0
2007,linked,4,1,2,1.0
2008,liquid,9,4,1,4.0
2009,liquidity,7,4,3,0.0
2010,list,146,75,35,36.0
2011,listen,42,19,4,19.0
2012,listened,6,4,2,0.0
2013,listening,15,13,1,1.0
2014,listing,6,3,1,2.0
2015,lit,11,3,3,5.0
2016,lite,26,10,5,11.0
2017,literally,89,44,20,25.0
2018,little,404,231,40,133.0
2019,live,138,59,11,68.0
2020,lives,10,6,1,3.0
2021,livestream,9,1,2,6.0
2022,living,13,7,1,5.0
2023,lk,15,7,3,5.0
2024,lmao,387,332,16,39.0
2025,lmaoo,21,7,3,11.0
2026,lmaooo,21,1,1,19.0
2027,lmfao,71,70,1,0.0
2028,lmfaooo,7,1,3,3.0
2029,lmk,11,7,2,2.0
2030,lmnd,14,1,3,10.0
2031,lmnl,20,4,2,14.0
2032,lmt,8,2,1,5.0
2033,load,32,13,5,14.0
2034,loaded,23,10,4,9.0
2035,loading,21,9,3,9.0
2036,loads,3,1,1,1.0
2037,loan,15,11,1,3.0
2038,local,9,1,1,7.0
2039,locations,7,3,1,3.0
2040,lock,38,28,4,6.0
2041,lockdown,35,16,8,11.0
2042,lockdowns,10,3,3,4.0
2043,locked,30,24,1,5.0
2044,lod,4,1,2,1.0
2045,log,17,8,1,8.0
2046,logged,2,1,1,0.0
2047,login,14,10,3,1.0
2048,lol,1504,1344,118,42.0
2049,long,731,417,89,225.0
2050,longer,154,83,20,51.0
2051,longing,4,2,2,0.0
2052,longs,17,5,4,8.0
2053,look,509,244,84,181.0
2054,looked,59,30,14,15.0
2055,looking,625,376,74,175.0
2056,lookout,3,2,1,0.0
2057,looks,355,272,34,49.0
2058,loool,4,1,1,2.0
2059,looool,10,2,5,3.0
2060,loose,4,1,3,0.0
2061,loosing,11,6,4,1.0
2062,lose,119,48,62,9.0
2063,losers,10,1,6,3.0
2064,loses,17,7,7,3.0
2065,losing,55,30,21,4.0
2066,loss,201,83,106,12.0
2067,losses,111,40,64,7.0
2068,lost,114,49,63,2.0
2069,lot,467,261,91,115.0
2070,lots,80,42,16,22.0
2071,lotto,60,30,12,18.0
2072,lottos,17,8,3,6.0
2073,louisiana,2,1,1,0.0
2074,love,274,268,4,2.0
2075,low,217,76,137,4.0
2076,lower,83,27,52,4.0
2077,lowered,9,5,4,0.0
2078,lowering,4,2,2,0.0
2079,lowest,9,2,5,2.0
2080,lowkey,11,5,2,4.0
2081,lows,20,11,8,1.0
2082,lpcn,8,1,1,6.0
2083,luck,70,62,7,1.0
2084,luckily,4,3,1,0.0
2085,lucky,54,49,4,1.0
2086,lulu,41,22,1,18.0
2087,luna,6,3,3,0.0
2088,lunch,39,28,1,10.0
2089,lungs,6,3,3,0.0
2090,lupus,3,1,1,1.0
2091,lvl,7,1,2,4.0
2092,lying,11,3,8,0.0
2093,ma200,3,2,1,0.0
2094,ma50,2,1,1,0.0
2095,mac,22,5,1,16.0
2096,macd,48,6,12,30.0
2097,mad,42,10,27,5.0
2098,made,550,330,80,140.0
2099,magic,6,3,1,2.0
2100,mail,18,8,7,3.0
2101,main,29,17,3,9.0
2102,mainly,16,5,2,9.0
2103,maintained,3,1,2,0.0
2104,maintenance,4,3,1,0.0
2105,major,60,27,18,15.0
2106,make,731,446,95,190.0
2107,maker,10,4,2,4.0
2108,makes,130,63,23,44.0
2109,making,233,120,46,67.0
2110,man,476,272,71,133.0
2111,manage,28,15,12,1.0
2112,managed,32,19,9,4.0
2113,management,58,30,17,11.0
2114,managing,17,12,1,4.0
2115,manipulated,10,2,5,3.0
2116,mans,18,6,4,8.0
2117,manually,10,4,3,3.0
2118,many,200,116,40,44.0
2119,mara,36,8,13,15.0
2120,march,39,17,9,13.0
2121,margin,62,23,14,25.0
2122,mark,53,25,7,21.0
2123,market,959,489,192,278.0
2124,marketing,3,1,2,0.0
2125,markets,96,45,24,27.0
2126,marshmallows,4,2,2,0.0
2127,mask,12,6,4,2.0
2128,masks,4,1,2,1.0
2129,massachusetts,2,1,1,0.0
2130,massive,33,19,6,8.0
2131,massively,6,1,2,3.0
2132,match,10,3,1,6.0
2133,matching,2,1,1,0.0
2134,mate,12,10,1,1.0
2135,material,3,2,1,0.0
2136,math,25,7,7,11.0
2137,matter,81,29,30,22.0
2138,mattered,2,1,1,0.0
2139,matters,9,5,4,0.0
2140,max,39,19,5,15.0
2141,may,209,123,39,47.0
2142,maybe,219,86,49,84.0
2143,mcafee,3,1,1,1.0
2144,mcd,16,10,3,3.0
2145,mcdonald,7,3,1,3.0
2146,mcdonalds,10,1,1,8.0
2147,mdia,2,1,1,0.0
2148,mdly,2,1,1,0.0
2149,mean,275,111,42,122.0
2150,meaning,16,8,5,3.0
2151,means,115,52,29,34.0
2152,meant,38,13,11,14.0
2153,meantime,7,5,1,1.0
2154,meanwhile,5,3,2,0.0
2155,measure,5,2,2,1.0
2156,meat,12,2,7,3.0
2157,meats,4,1,3,0.0
2158,media,37,11,11,15.0
2159,medical,12,6,2,4.0
2160,medium,10,3,2,5.0
2161,meet,33,24,4,5.0
2162,meeting,26,15,1,10.0
2163,mega,9,4,1,4.0
2164,meh,7,1,5,1.0
2165,melania,2,1,1,0.0
2166,melt,8,3,3,2.0
2167,member,132,102,10,20.0
2168,members,106,75,9,22.0
2169,membership,109,60,12,37.0
2170,meme,32,14,5,13.0
2171,memories,3,2,1,0.0
2172,memory,2,1,1,0.0
2173,mental,7,1,2,4.0
2174,mention,20,16,2,2.0
2175,mentioned,59,33,5,21.0
2176,meow,4,1,1,2.0
2177,merger,59,35,6,18.0
2178,meso,3,2,1,0.0
2179,mess,14,7,7,0.0
2180,message,77,52,9,16.0
2181,messaged,7,4,2,1.0
2182,messages,29,14,3,12.0
2183,messed,17,7,10,0.0
2184,messing,10,4,1,5.0
2185,met,9,3,1,5.0
2186,metal,6,4,1,1.0
2187,method,7,1,4,2.0
2188,metric,3,2,1,0.0
2189,mexico,9,2,4,3.0
2190,mf,7,2,3,2.0
2191,mgm,5,2,3,0.0
2192,mgni,24,14,6,4.0
2193,mi,5,2,3,0.0
2194,michigan,3,2,1,0.0
2195,microsoft,26,14,3,9.0
2196,mid,46,19,7,20.0
2197,middle,28,12,8,8.0
2198,midnight,9,2,1,6.0
2199,might,475,195,92,188.0
2200,mil,11,5,2,4.0
2201,military,12,7,2,3.0
2202,million,65,40,6,19.0
2203,millions,10,4,6,0.0
2204,milton,5,1,1,3.0
2205,min,116,46,19,51.0
2206,mind,81,53,5,23.0
2207,mine,92,38,20,34.0
2208,mini,11,5,1,5.0
2209,minimal,7,3,2,2.0
2210,minimize,13,9,4,0.0
2211,minimum,27,21,1,5.0
2212,mining,7,3,2,2.0
2213,minor,15,5,4,6.0
2214,minority,2,1,1,0.0
2215,mins,49,15,8,26.0
2216,minshew,2,1,1,0.0
2217,minute,88,32,20,36.0
2218,minutes,139,75,15,49.0
2219,misleading,7,5,2,0.0
2220,miss,51,29,22,0.0
2221,missed,155,55,96,4.0
2222,missing,36,13,21,2.0
2223,mistake,20,8,11,1.0
2224,mistakes,23,15,8,0.0
2225,mistaking,3,1,2,0.0
2226,mixed,9,1,2,6.0
2227,mj,13,1,3,9.0
2228,mkt,12,3,9,0.0
2229,mkt_app,4,1,3,0.0
2230,mms,8,2,3,3.0
2231,mnuchin,6,4,1,1.0
2232,mo,24,9,12,3.0
2233,mobile,32,10,8,14.0
2234,mode,17,7,1,9.0
2235,model,24,12,4,8.0
2236,models,4,1,1,2.0
2237,moderator,7,2,1,4.0
2238,moderators,3,1,1,1.0
2239,moderna,13,6,1,6.0
2240,mods,3,1,1,1.0
2241,mom,9,4,1,4.0
2242,moment,45,22,9,14.0
2243,momentum,52,23,6,23.0
2244,mon,5,2,1,2.0
2245,monday,333,172,37,124.0
2246,monetary,3,1,2,0.0
2247,money,1019,509,185,325.0
2248,moneyrain,6,2,2,2.0
2249,monies,10,5,4,1.0
2250,monitor,7,3,3,1.0
2251,monster,12,8,2,2.0
2252,month,242,130,34,78.0
2253,monthly,25,15,5,5.0
2254,months,186,110,16,60.0
2255,moomoo,7,3,1,3.0
2256,moon,69,25,6,38.0
2257,mooning,27,3,8,16.0
2258,morning,395,196,50,149.0
2259,mornings,6,2,1,3.0
2260,mortgage,7,1,4,2.0
2261,mostly,73,47,4,22.0
2262,moto,17,6,2,9.0
2263,mouth,6,1,1,4.0
2264,mov,11,3,3,5.0
2265,move,271,139,32,100.0
2266,moved,41,20,3,18.0
2267,movement,42,33,7,2.0
2268,movements,7,5,1,1.0
2269,mover,8,1,5,2.0
2270,moves,94,42,15,37.0
2271,movie,26,16,4,6.0
2272,movies,4,3,1,0.0
2273,moving,101,45,10,46.0
2274,msft,98,42,7,49.0
2275,much,618,320,133,165.0
2276,muddy,2,1,1,0.0
2277,multi,10,3,5,2.0
2278,multiple,42,21,9,12.0
2279,musings,12,7,1,4.0
2280,musk,7,4,1,2.0
2281,must,41,17,12,12.0
2282,mutual,7,4,1,2.0
2283,myt,3,1,1,1.0
2284,n,57,27,7,23.0
2285,nah,117,37,77,3.0
2286,nail,8,2,1,5.0
2287,naive,3,2,1,0.0
2288,nak,20,6,5,9.0
2289,naked,39,20,8,11.0
2290,name,91,48,12,31.0
2291,nancy,12,4,2,6.0
2292,nasdaq,47,17,9,21.0
2293,nasty,11,1,10,0.0
2294,nation,6,2,1,3.0
2295,near,71,31,14,26.0
2296,nearly,19,11,6,2.0
2297,necessarily,7,4,2,1.0
2298,nee,17,6,2,9.0
2299,need,512,272,83,157.0
2300,needed,47,34,3,10.0
2301,needs,79,29,10,40.0
2302,negative,49,14,33,2.0
2303,negatively,3,2,1,0.0
2304,neither,15,6,3,6.0
2305,nervous,11,4,6,1.0
2306,net,67,26,6,35.0
2307,netflix,33,13,7,13.0
2308,netted,17,14,3,0.0
2309,never,266,121,56,89.0
2310,new,470,232,49,189.0
2311,news,543,190,84,269.0
2312,next,569,286,79,204.0
2313,nfl,6,1,1,4.0
2314,nflx,71,35,8,28.0
2315,ngl,13,5,2,6.0
2316,nice,859,834,9,16.0
2317,nicely,27,25,2,0.0
2318,nick,3,2,1,0.0
2319,night,151,80,19,52.0
2320,nights,8,7,1,0.0
2321,nikola,16,2,1,13.0
2322,nio,322,127,25,170.0
2323,nitro,6,5,1,0.0
2324,nkla,75,40,4,31.0
2325,nndm,37,5,5,27.0
2326,nobody,35,11,10,14.0
2327,noise,9,4,1,4.0
2328,non,42,16,9,17.0
2329,none,22,6,2,14.0
2330,nonsense,4,3,1,0.0
2331,noob,7,4,3,0.0
2332,nope,33,13,4,16.0
2333,normal,39,17,8,14.0
2334,normally,20,11,6,3.0
2335,north,6,4,1,1.0
2336,note,14,10,3,1.0
2337,notes,17,12,2,3.0
2338,nother,3,2,1,0.0
2339,nothing,152,69,34,49.0
2340,notice,21,9,6,6.0
2341,noticed,24,11,4,9.0
2342,noticing,7,2,1,4.0
2343,notification,4,1,1,2.0
2344,notifications,8,6,1,1.0
2345,notorious,2,1,1,0.0
2346,nov,54,16,9,29.0
2347,november,28,11,3,14.0
2348,nowhere,8,4,1,3.0
2349,nq,76,22,16,38.0
2350,ntn,11,1,2,8.0
2351,ntr,14,8,2,4.0
2352,number,40,31,5,4.0
2353,numbers,47,25,10,12.0
2354,nursing,3,2,1,0.0
2355,nuts,23,2,19,2.0
2356,nv,2,1,1,0.0
2357,nvda,139,49,10,80.0
2358,nvidia,29,7,5,17.0
2359,nvm,39,7,8,24.0
2360,nvmmm,2,1,1,0.0
2361,nxpi,15,9,3,3.0
2362,ny,8,1,1,6.0
2363,nyc,14,6,8,0.0
2364,obviously,30,18,5,7.0
2365,occasionally,5,3,1,1.0
2366,occur,2,1,1,0.0
2367,occurs,3,1,1,1.0
2368,oco,9,4,4,1.0
2369,oct,62,36,3,23.0
2370,october,39,17,4,18.0
2371,odd,12,3,9,0.0
2372,odds,16,8,3,5.0
2373,ofc,20,4,1,15.0
2374,offer,23,13,3,7.0
2375,offered,8,4,1,3.0
2376,offering,71,36,11,24.0
2377,offerings,13,8,2,3.0
2378,office,23,7,3,13.0
2379,officer,11,5,3,3.0
2380,official,22,9,1,12.0
2381,officially,17,4,5,8.0
2382,offs,12,5,3,4.0
2383,offset,6,4,2,0.0
2384,often,49,25,8,16.0
2385,ogi,3,1,1,1.0
2386,oh,361,174,64,123.0
2387,ohh,19,8,6,5.0
2388,ohhh,10,3,2,5.0
2389,oi,7,4,1,2.0
2390,oil,60,21,9,30.0
2391,ok,242,221,14,7.0
2392,okay,91,76,9,6.0
2393,ol,4,3,1,0.0
2394,old,101,47,7,47.0
2395,older,7,4,1,2.0
2396,omg,33,14,14,5.0
2397,one,1519,690,232,597.0
2398,ones,106,47,22,37.0
2399,ongoing,3,1,2,0.0
2400,online,35,14,7,14.0
2401,onto,36,7,3,26.0
2402,oof,27,3,5,19.0
2403,ooh,2,1,1,0.0
2404,oops,9,5,4,0.0
2405,op,5,3,1,1.0
2406,opec,3,1,2,0.0
2407,open,319,150,57,112.0
2408,opened,30,13,12,5.0
2409,opening,36,20,3,13.0
2410,opens,24,10,3,11.0
2411,operators,4,1,1,2.0
2412,opinion,74,46,11,17.0
2413,opinions,31,16,2,13.0
2414,opportunities,27,23,3,1.0
2415,opportunity,35,34,1,0.0
2416,opposite,21,9,1,11.0
2417,opt,2,1,1,0.0
2418,opted,4,3,1,0.0
2419,optimism,5,4,1,0.0
2420,option,149,71,38,40.0
2421,options,580,316,71,193.0
2422,oracle,11,3,1,7.0
2423,order,87,30,20,37.0
2424,ordered,7,1,2,4.0
2425,orders,25,12,4,9.0
2426,org,12,3,1,8.0
2427,organic,5,1,1,3.0
2428,organization,6,2,1,3.0
2429,organized,5,2,3,0.0
2430,original,20,12,4,4.0
2431,ostk,26,13,2,11.0
2432,otc,17,6,3,8.0
2433,others,69,49,11,9.0
2434,otm,35,15,9,11.0
2435,ouch,13,1,4,8.0
2436,outdoors,2,1,1,0.0
2437,outflow,8,1,1,6.0
2438,outperform,11,4,3,4.0
2439,outs,24,21,2,1.0
2440,outside,18,7,3,8.0
2441,outta,24,9,6,9.0
2442,overall,79,48,16,15.0
2443,overbought,12,5,3,4.0
2444,overextended,10,8,1,1.0
2445,overheard,2,1,1,0.0
2446,overlooked,3,2,1,0.0
2447,overnight,120,64,9,47.0
2448,overpriced,3,1,1,1.0
2449,oversold,19,5,3,11.0
2450,overwhelmed,4,3,1,0.0
2451,owe,16,1,2,13.0
2452,owned,11,8,1,2.0
2453,owns,8,1,1,6.0
2454,oxy,22,14,1,7.0
2455,p,197,90,45,62.0
2456,pa,11,3,3,5.0
2457,pace,8,4,1,3.0
2458,pacific,4,2,1,1.0
2459,pack,7,1,2,4.0
2460,package,13,5,2,6.0
2461,packed,6,5,1,0.0
2462,page,33,18,8,7.0
2463,pages,3,1,2,0.0
2464,paid,198,123,16,59.0
2465,pain,8,1,7,0.0
2466,palantir,11,3,2,6.0
2467,pandemic,24,9,5,10.0
2468,panic,22,8,14,0.0
2469,pants,4,2,1,1.0
2470,papa,5,1,1,3.0
2471,paper,93,51,9,33.0
2472,par,11,2,3,6.0
2473,parents,15,9,3,3.0
2474,parks,4,1,1,2.0
2475,part,66,41,9,16.0
2476,participating,3,2,1,0.0
2477,particular,5,2,1,2.0
2478,partly,2,1,1,0.0
2479,partnered,5,2,1,2.0
2480,partners,3,2,1,0.0
2481,parts,9,3,2,4.0
2482,party,24,21,2,1.0
2483,pass,29,10,9,10.0
2484,passed,42,22,6,14.0
2485,passes,12,5,2,5.0
2486,passing,4,2,1,1.0
2487,password,4,1,3,0.0
2488,past,108,58,15,35.0
2489,pat,5,3,2,0.0
2490,patience,70,38,8,24.0
2491,patient,27,14,9,4.0
2492,patients,5,1,1,3.0
2493,pattern,58,25,10,23.0
2494,patterns,19,11,1,7.0
2495,pay,155,66,71,18.0
2496,payed,5,3,2,0.0
2497,paying,78,43,13,22.0
2498,payment,13,5,4,4.0
2499,payments,4,1,2,1.0
2500,payout,12,8,1,3.0
2501,payouts,4,2,1,1.0
2502,paypal,43,22,8,13.0
2503,pc,4,2,1,1.0
2504,pdd,6,1,1,4.0
2505,pdf,9,2,2,5.0
2506,pdt,39,15,15,9.0
2507,peace,11,10,1,0.0
2508,peak,44,32,5,7.0
2509,peek,7,2,1,4.0
2510,peep,7,5,1,1.0
2511,peg,3,2,1,0.0
2512,pelosi,20,6,7,7.0
2513,peloton,9,6,1,2.0
2514,pen,3,1,1,1.0
2515,pence,11,3,3,5.0
2516,penguin,2,1,1,0.0
2517,penn,24,10,3,11.0
2518,pennant,20,6,8,6.0
2519,pennies,25,15,7,3.0
2520,penny,88,45,19,24.0
2521,pennybags,4,1,1,2.0
2522,pennystocks,8,2,1,5.0
2523,people,497,245,150,102.0
2524,per,105,68,11,26.0
2525,percent,174,126,22,26.0
2526,percentage,30,29,1,0.0
2527,perception,2,1,1,0.0
2528,perfect,46,39,3,4.0
2529,performance,33,17,9,7.0
2530,performing,5,3,1,1.0
2531,perhaps,7,1,2,4.0
2532,period,30,24,2,4.0
2533,perks,4,2,1,1.0
2534,permission,5,1,3,1.0
2535,person,70,39,14,17.0
2536,personal,23,17,2,4.0
2537,personally,60,32,14,14.0
2538,pet,2,1,1,0.0
2539,pf,4,1,1,2.0
2540,pfe,99,45,9,45.0
2541,pfizer,38,12,6,20.0
2542,pharmacy,2,1,1,0.0
2543,philip,2,1,1,0.0
2544,phone,79,41,2,36.0
2545,photo,10,6,1,3.0
2546,phrase,4,1,1,2.0
2547,physically,2,1,1,0.0
2548,pic,50,22,3,25.0
2549,pick,71,37,5,29.0
2550,picked,31,18,3,10.0
2551,picking,22,10,2,10.0
2552,picks,16,10,3,3.0
2553,pics,7,5,1,1.0
2554,picture,37,13,11,13.0
2555,piece,17,9,4,4.0
2556,pillows,4,2,2,0.0
2557,pin,9,6,2,1.0
2558,pinch,5,4,1,0.0
2559,ping,28,19,1,8.0
2560,pinned,8,4,2,2.0
2561,pins,62,30,4,28.0
2562,pip,33,18,3,12.0
2563,pissed,10,1,9,0.0
2564,pivots,9,6,3,0.0
2565,pizza,14,10,2,2.0
2566,place,88,42,22,24.0
2567,placed,6,4,1,1.0
2568,placement,8,7,1,0.0
2569,places,10,4,5,1.0
2570,plague,3,2,1,0.0
2571,plan,136,79,16,41.0
2572,planes,7,3,3,1.0
2573,planing,4,1,2,1.0
2574,planned,12,7,3,2.0
2575,planning,54,30,9,15.0
2576,plans,16,7,3,6.0
2577,plant,5,3,2,0.0
2578,platform,66,21,4,41.0
2579,platforms,17,11,1,5.0
2580,play,849,778,63,8.0
2581,played,137,129,8,0.0
2582,playin,2,1,1,0.0
2583,playing,170,151,17,2.0
2584,playlist,8,4,1,3.0
2585,plays,390,352,28,10.0
2586,please,148,140,3,5.0
2587,plenty,24,15,5,4.0
2588,pls,26,18,8,0.0
2589,pltr,151,32,17,102.0
2590,plug,75,23,11,41.0
2591,plummet,6,1,2,3.0
2592,plus,74,50,3,21.0
2593,plz,11,8,3,0.0
2594,pm,76,28,8,40.0
2595,png,22,4,1,17.0
2596,point,203,123,41,39.0
2597,pointing,8,5,2,1.0
2598,pointless,5,4,1,0.0
2599,points,50,37,4,9.0
2600,policy,18,7,5,6.0
2601,political,15,7,6,2.0
2602,politics,21,5,4,12.0
2603,poll,12,4,1,7.0
2604,polls,15,4,8,3.0
2605,poor,28,3,25,0.0
2606,pop,105,36,16,53.0
2607,popeyes,2,1,1,0.0
2608,popped,28,11,2,15.0
2609,poppin,9,3,1,5.0
2610,popping,28,8,2,18.0
2611,pops,26,13,4,9.0
2612,popular,16,12,2,2.0
2613,population,5,3,1,1.0
2614,port,23,8,3,12.0
2615,portfolio,140,75,17,48.0
2616,portion,6,5,1,0.0
2617,position,268,137,34,97.0
2618,positioned,8,3,2,3.0
2619,positioning,12,10,1,1.0
2620,positions,147,90,18,39.0
2621,positive,78,70,7,1.0
2622,positively,2,1,1,0.0
2623,possibility,6,2,3,1.0
2624,possible,118,54,34,30.0
2625,possibly,44,23,6,15.0
2626,post,293,162,25,106.0
2627,posted,119,57,15,47.0
2628,posting,47,35,5,7.0
2629,postponed,2,1,1,0.0
2630,posts,36,14,4,18.0
2631,pot,21,15,1,5.0
2632,potential,123,80,12,31.0
2633,potentially,31,15,11,5.0
2634,pour,4,2,1,1.0
2635,poverty,2,1,1,0.0
2636,powell,5,2,3,0.0
2637,power,114,60,18,36.0
2638,powerful,18,15,1,2.0
2639,ppl,32,17,8,7.0
2640,pr,16,9,2,5.0
2641,practice,15,8,3,4.0
2642,practiced,6,3,3,0.0
2643,practices,5,2,2,1.0
2644,pray,11,8,3,0.0
2645,pre,106,62,15,29.0
2646,predict,21,7,3,11.0
2647,predicted,7,5,1,1.0
2648,prediction,9,3,2,4.0
2649,prefer,20,8,7,5.0
2650,premarket,39,16,9,14.0
2651,premium,214,136,24,54.0
2652,premiums,24,10,6,8.0
2653,prep,7,3,1,3.0
2654,prepare,4,2,1,1.0
2655,prepared,7,6,1,0.0
2656,present,9,5,1,3.0
2657,presented,8,2,6,0.0
2658,president,39,17,10,12.0
2659,presidential,8,1,1,6.0
2660,pressure,15,10,4,1.0
2661,pretend,2,1,1,0.0
2662,pretty,271,254,16,1.0
2663,previous,50,28,17,5.0
2664,previously,10,5,4,1.0
2665,price,539,251,82,206.0
2666,priced,24,13,5,6.0
2667,prices,67,36,14,17.0
2668,primarily,7,3,2,2.0
2669,primary,11,7,1,3.0
2670,prime,23,10,2,11.0
2671,print,57,20,5,32.0
2672,printing,61,27,1,33.0
2673,prior,19,12,2,5.0
2674,privacy,2,1,1,0.0
2675,private,18,9,4,5.0
2676,privately,3,2,1,0.0
2677,pro,74,32,13,29.0
2678,prob,52,29,9,14.0
2679,probably,277,135,49,93.0
2680,problem,65,12,52,1.0
2681,problems,6,2,4,0.0
2682,probs,5,3,2,0.0
2683,proceed,4,1,2,1.0
2684,process,32,23,4,5.0
2685,produce,5,2,1,2.0
2686,product,12,3,3,6.0
2687,production,19,11,1,7.0
2688,professional,7,5,1,1.0
2689,professor,6,2,2,2.0
2690,profile,21,7,3,11.0
2691,profit,859,800,26,33.0
2692,profits,641,596,40,5.0
2693,project,9,6,1,2.0
2694,projected,6,5,1,0.0
2695,projection,8,3,2,3.0
2696,prolly,17,5,3,9.0
2697,promising,19,17,2,0.0
2698,promos,7,6,1,0.0
2699,promoting,3,2,1,0.0
2700,proof,6,2,3,1.0
2701,property,15,8,1,6.0
2702,props,18,11,2,5.0
2703,protect,20,18,2,0.0
2704,protection,85,49,3,33.0
2705,protests,8,6,2,0.0
2706,proud,25,18,6,1.0
2707,provide,22,16,3,3.0
2708,provides,7,2,4,1.0
2709,prpl,5,4,1,0.0
2710,ps4,4,2,1,1.0
2711,ps5,9,5,3,1.0
2712,psth,15,2,1,12.0
2713,psu,5,1,3,1.0
2714,psv,5,2,1,2.0
2715,pt,105,38,9,58.0
2716,pton,93,40,6,47.0
2717,ptsd,6,2,3,1.0
2718,public,33,23,3,7.0
2719,publicity,2,1,1,0.0
2720,publicly,5,1,1,3.0
2721,pull,88,51,5,32.0
2722,pullback,65,43,8,14.0
2723,pulled,32,17,9,6.0
2724,pulling,13,4,5,4.0
2725,pump,92,36,19,37.0
2726,pumped,29,11,4,14.0
2727,pumpers,4,1,2,1.0
2728,pumping,18,8,4,6.0
2729,pumps,12,4,1,7.0
2730,purchase,35,21,2,12.0
2731,purchasing,10,5,3,2.0
2732,purely,4,1,1,2.0
2733,purple,23,8,9,6.0
2734,purpose,5,2,2,1.0
2735,purposely,4,1,3,0.0
2736,pursue,2,1,1,0.0
2737,push,77,53,8,16.0
2738,pushed,12,5,2,5.0
2739,pushes,3,2,1,0.0
2740,pushing,28,14,1,13.0
2741,pussy,4,3,1,0.0
2742,put,548,271,74,203.0
2743,puts,554,196,82,276.0
2744,putting,38,19,4,15.0
2745,pypl,25,7,3,15.0
2746,pyramid,9,3,3,3.0
2747,q,15,11,1,3.0
2748,q1,3,1,1,1.0
2749,q3,13,6,3,4.0
2750,qcom,24,12,2,10.0
2751,qqq,51,10,5,36.0
2752,qs,5,3,1,1.0
2753,quality,8,5,1,2.0
2754,quant,13,7,3,3.0
2755,quarantine,10,6,1,3.0
2756,quarter,16,12,2,2.0
2757,quarterly,3,2,1,0.0
2758,question,122,49,26,47.0
2759,questions,85,57,5,23.0
2760,quick,654,210,52,392.0
2761,quickly,36,14,13,9.0
2762,quit,20,8,5,7.0
2763,quite,58,25,15,18.0
2764,quote,21,4,7,10.0
2765,quotes,6,1,2,3.0
2766,quoting,5,3,1,1.0
2767,r,72,30,9,33.0
2768,racist,11,6,2,3.0
2769,rage,5,1,3,1.0
2770,raise,11,4,2,5.0
2771,raises,13,3,1,9.0
2772,rally,66,33,11,22.0
2773,ran,75,38,14,23.0
2774,random,22,14,2,6.0
2775,randy,6,3,1,2.0
2776,range,50,29,5,16.0
2777,rare,9,6,1,2.0
2778,rate,36,27,5,4.0
2779,rates,25,16,8,1.0
2780,rather,58,33,10,15.0
2781,rating,6,1,1,4.0
2782,ratio,16,14,1,1.0
2783,ratios,3,1,1,1.0
2784,rb,6,5,1,0.0
2785,reach,43,21,6,16.0
2786,reached,377,372,4,1.0
2787,react,32,12,12,8.0
2788,read,134,61,24,49.0
2789,reader,3,2,1,0.0
2790,reading,46,26,7,13.0
2791,reads,4,3,1,0.0
2792,ready,123,114,7,2.0
2793,real,211,111,41,59.0
2794,realistic,5,2,1,2.0
2795,realize,48,28,9,11.0
2796,realized,33,20,6,7.0
2797,realizing,4,3,1,0.0
2798,really,462,265,105,92.0
2799,reason,107,53,26,28.0
2800,reasoning,4,2,2,0.0
2801,rebound,21,14,4,3.0
2802,rebounded,2,1,1,0.0
2803,rebuy,11,4,5,2.0
2804,receive,12,3,2,7.0
2805,received,7,4,1,2.0
2806,recent,31,18,4,9.0
2807,recently,56,32,5,19.0
2808,recession,3,1,2,0.0
2809,recommend,59,48,10,1.0
2810,recommendation,10,8,1,1.0
2811,recommendations,9,3,2,4.0
2812,record,36,15,10,11.0
2813,records,3,1,2,0.0
2814,recover,28,13,4,11.0
2815,recovering,9,3,1,5.0
2816,recovers,14,10,1,3.0
2817,recovery,33,21,5,7.0
2818,red,314,167,139,8.0
2819,reddit,23,5,3,15.0
2820,reduce,13,10,2,1.0
2821,reference,3,2,1,0.0
2822,referrals,3,2,1,0.0
2823,regard,3,2,1,0.0
2824,regardless,34,19,4,11.0
2825,regeneron,9,6,1,2.0
2826,regn,24,4,6,14.0
2827,regrets,5,1,4,0.0
2828,regular,28,13,9,6.0
2829,regularly,3,2,1,0.0
2830,reits,12,4,3,5.0
2831,reject,6,2,4,0.0
2832,rejected,31,2,28,1.0
2833,rejecting,11,7,1,3.0
2834,relate,3,2,1,0.0
2835,related,24,14,1,9.0
2836,relationship,7,4,2,1.0
2837,relative,9,3,4,2.0
2838,relatively,10,7,2,1.0
2839,release,30,9,5,16.0
2840,releases,13,7,1,5.0
2841,releasing,9,6,2,1.0
2842,reliable,8,6,1,1.0
2843,remain,11,9,2,0.0
2844,remains,7,5,2,0.0
2845,remember,120,61,24,35.0
2846,reminder,16,14,1,1.0
2847,removed,14,1,2,11.0
2848,renew,5,4,1,0.0
2849,rent,10,5,5,0.0
2850,reopening,3,1,1,1.0
2851,rep,6,1,2,3.0
2852,repairs,3,1,1,1.0
2853,repeat,7,2,1,4.0
2854,replaced,6,1,1,4.0
2855,reply,12,6,4,2.0
2856,report,53,23,12,18.0
2857,reported,14,7,1,6.0
2858,reports,22,9,7,6.0
2859,reposting,4,3,1,0.0
2860,represent,4,2,1,1.0
2861,representatives,2,1,1,0.0
2862,representitves,4,2,2,0.0
2863,represents,9,6,3,0.0
2864,republican,10,5,2,3.0
2865,republicans,6,3,1,2.0
2866,request,22,13,2,7.0
2867,requests,10,6,1,3.0
2868,required,7,2,5,0.0
2869,requirement,2,1,1,0.0
2870,res,6,3,1,2.0
2871,research,83,42,18,23.0
2872,reserve,4,1,2,1.0
2873,reset,6,1,3,2.0
2874,resist,12,3,2,7.0
2875,resistance,160,82,32,46.0
2876,resolved,2,1,1,0.0
2877,resources,23,21,1,1.0
2878,respect,4,3,1,0.0
2879,respectively,3,2,1,0.0
2880,responding,5,1,3,1.0
2881,rest,172,94,31,47.0
2882,restaurant,5,2,1,2.0
2883,restaurants,23,9,5,9.0
2884,restriction,4,2,2,0.0
2885,restrictions,9,4,1,4.0
2886,restructure,3,1,2,0.0
2887,result,9,6,2,1.0
2888,results,33,22,4,7.0
2889,retail,31,12,7,12.0
2890,retest,15,8,4,3.0
2891,retested,8,2,3,3.0
2892,retire,7,4,1,2.0
2893,retired,8,4,2,2.0
2894,retirement,34,22,2,10.0
2895,retracement,7,5,1,1.0
2896,retraces,4,3,1,0.0
2897,return,122,85,11,26.0
2898,returns,46,29,8,9.0
2899,reveal,9,4,2,3.0
2900,revenue,44,25,10,9.0
2901,revenues,5,3,1,1.0
2902,reversal,84,40,13,31.0
2903,reversals,8,5,3,0.0
2904,reverse,26,11,4,11.0
2905,reverses,4,3,1,0.0
2906,reversing,9,1,4,4.0
2907,review,26,13,3,10.0
2908,reviewed,6,4,2,0.0
2909,reviewing,5,3,1,1.0
2910,revisit,4,2,1,1.0
2911,reward,26,23,2,1.0
2912,rh,128,73,26,29.0
2913,ribs,3,1,1,1.0
2914,rich,50,39,8,3.0
2915,rid,18,7,4,7.0
2916,ride,163,92,27,44.0
2917,ridiculous,8,1,7,0.0
2918,riding,63,36,10,17.0
2919,rig,3,1,1,1.0
2920,right,655,321,106,228.0
2921,riot,22,1,18,3.0
2922,rip,76,18,10,48.0
2923,rise,45,17,7,21.0
2924,rises,14,6,5,3.0
2925,risk,256,152,98,6.0
2926,riskier,10,1,9,0.0
2927,risking,10,9,1,0.0
2928,risks,20,8,5,7.0
2929,risky,80,47,32,1.0
2930,rival,4,2,1,1.0
2931,rkt,62,21,1,40.0
2932,rly,2,1,1,0.0
2933,rn,173,69,28,76.0
2934,robin,6,4,1,1.0
2935,robinhood,105,49,11,45.0
2936,roblox,13,5,2,6.0
2937,rock,18,3,3,12.0
2938,rocket,23,7,2,14.0
2939,rocketed,2,1,1,0.0
2940,rocketing,4,1,1,2.0
2941,rode,14,9,4,1.0
2942,roid,3,1,2,0.0
2943,roku,158,95,10,53.0
2944,role,28,9,4,15.0
2945,roll,38,29,3,6.0
2946,roller,8,6,1,1.0
2947,rollover,4,1,3,0.0
2948,rona,5,3,1,1.0
2949,room,90,42,17,31.0
2950,rooms,7,6,1,0.0
2951,rope,5,1,1,3.0
2952,rotating,3,1,1,1.0
2953,rotation,16,7,1,8.0
2954,roth,35,17,8,10.0
2955,rough,32,20,6,6.0
2956,roughly,9,4,3,2.0
2957,roundtable,2,1,1,0.0
2958,route,4,2,2,0.0
2959,row,14,9,3,2.0
2960,rq,2,1,1,0.0
2961,rs,5,2,1,2.0
2962,rsi,61,26,17,18.0
2963,ruins,5,1,4,0.0
2964,rule,20,7,7,6.0
2965,ruled,4,1,3,0.0
2966,rumor,13,7,3,3.0
2967,run,382,212,36,134.0
2968,runner,45,21,6,18.0
2969,runners,15,6,4,5.0
2970,running,111,51,12,48.0
2971,runs,45,25,7,13.0
2972,runup,6,2,2,2.0
2973,rural,2,1,1,0.0
2974,rush,7,3,2,2.0
2975,russell,6,1,1,4.0
2976,rut,8,5,1,2.0
2977,rxt,9,2,1,6.0
2978,ryan,19,9,2,8.0
2979,rycey,4,2,1,1.0
2980,sad,37,9,25,3.0
2981,sadly,12,1,10,1.0
2982,sadpep,3,1,1,1.0
2983,safe,99,85,9,5.0
2984,safer,22,19,3,0.0
2985,said,258,131,44,83.0
2986,sale,32,21,4,7.0
2987,sales,40,18,5,17.0
2988,salt,5,3,1,1.0
2989,salvage,2,1,1,0.0
2990,sam,20,5,4,11.0
2991,sarcastic,2,1,1,0.0
2992,sare,15,7,1,7.0
2993,sarge,12,4,4,4.0
2994,sat,7,4,1,2.0
2995,saturday,6,2,2,2.0
2996,save,34,32,1,1.0
2997,saved,27,26,1,0.0
2998,saves,8,3,4,1.0
2999,saving,11,6,1,4.0
3000,savings,12,6,1,5.0
3001,saw,173,84,37,52.0
3002,say,289,156,46,87.0
3003,saying,146,63,29,54.0
3004,says,85,47,18,20.0
3005,sbe,31,17,5,9.0
3006,sbux,26,10,13,3.0
3007,scale,41,26,4,11.0
3008,scaling,18,7,7,4.0
3009,scalp,405,128,23,254.0
3010,scalping,84,39,7,38.0
3011,scalps,132,48,9,75.0
3012,scam,24,6,18,0.0
3013,scammy,2,1,1,0.0
3014,scams,4,1,3,0.0
3015,scan,4,2,1,1.0
3016,scanner,25,19,1,5.0
3017,scanners,14,6,1,7.0
3018,scanning,8,4,3,1.0
3019,scared,48,17,29,2.0
3020,scares,4,3,1,0.0
3021,scary,20,3,17,0.0
3022,scenario,11,7,3,1.0
3023,schedule,5,1,1,3.0
3024,scheme,4,1,3,0.0
3025,school,66,28,16,22.0
3026,schools,10,6,2,2.0
3027,schwab,19,8,1,10.0
3028,science,7,2,1,4.0
3029,screams,2,1,1,0.0
3030,screen,24,9,10,5.0
3031,screener,10,7,1,2.0
3032,screenshot,74,18,4,52.0
3033,screenshots,13,8,4,1.0
3034,screw,10,6,4,0.0
3035,screwed,14,2,11,1.0
3036,se,28,6,4,18.0
3037,searched,3,1,1,1.0
3038,season,29,18,2,9.0
3039,seasons,4,3,1,0.0
3040,sec,30,9,6,15.0
3041,second,120,64,10,46.0
3042,seconds,13,8,4,1.0
3043,secret,3,1,1,1.0
3044,section,43,21,6,16.0
3045,sector,46,18,9,19.0
3046,sectors,20,14,3,3.0
3047,securing,8,7,1,0.0
3048,security,5,4,1,0.0
3049,sedg,6,2,1,3.0
3050,see,1167,612,164,391.0
3051,seeing,110,71,13,26.0
3052,seem,46,22,14,10.0
3053,seemed,9,4,4,1.0
3054,seems,147,89,26,32.0
3055,seen,115,33,20,62.0
3056,sees,12,2,2,8.0
3057,segment,17,11,1,5.0
3058,selected,7,5,2,0.0
3059,self,18,13,2,3.0
3060,sell,653,247,384,22.0
3061,seller,10,5,2,3.0
3062,sellers,8,4,2,2.0
3063,selling,270,149,117,4.0
3064,selloff,9,4,1,4.0
3065,sells,16,7,1,8.0
3066,senate,31,9,13,9.0
3067,send,84,40,8,36.0
3068,sending,14,6,2,6.0
3069,sense,94,41,15,38.0
3070,sensitive,4,2,1,1.0
3071,sent,41,21,8,12.0
3072,separate,9,5,1,3.0
3073,sept,13,9,1,3.0
3074,september,25,7,5,13.0
3075,sequence,3,2,1,0.0
3076,series,12,5,1,6.0
3077,serious,20,12,7,1.0
3078,seriously,18,5,12,1.0
3079,server,109,56,24,29.0
3080,servers,19,9,4,6.0
3081,service,28,11,6,11.0
3082,services,20,13,4,3.0
3083,session,15,12,1,2.0
3084,sessions,5,4,1,0.0
3085,set,158,93,28,37.0
3086,sets,18,1,1,16.0
3087,setting,17,11,4,2.0
3088,settle,22,13,2,7.0
3089,settled,24,11,7,6.0
3090,settlement,3,1,1,1.0
3091,setup,59,39,6,14.0
3092,several,22,12,4,6.0
3093,severance,2,1,1,0.0
3094,sex,8,3,2,3.0
3095,sfix,7,4,3,0.0
3096,shady,9,1,1,7.0
3097,shak,15,6,6,3.0
3098,shake,6,4,1,1.0
3099,shame,9,6,3,0.0
3100,shapiro,5,2,2,1.0
3101,share,190,166,8,16.0
3102,shared,13,11,1,1.0
3103,shares,540,483,38,19.0
3104,sharp,8,5,2,1.0
3105,shears,2,1,1,0.0
3106,sheesh,11,1,1,9.0
3107,sheet,8,2,4,2.0
3108,shiet,3,2,1,0.0
3109,shift,16,13,2,1.0
3110,shill,2,1,1,0.0
3111,ship,10,3,2,5.0
3112,shipping,4,1,2,1.0
3113,ships,5,1,1,3.0
3114,shit,315,44,264,7.0
3115,shits,9,3,5,1.0
3116,shitting,2,1,1,0.0
3117,shitty,14,5,9,0.0
3118,shity,2,1,1,0.0
3119,shll,43,16,3,24.0
3120,sho,4,2,1,1.0
3121,shock,3,1,2,0.0
3122,shoot,33,13,17,3.0
3123,shooting,13,3,5,5.0
3124,shop,71,36,7,28.0
3125,shopify,10,5,2,3.0
3126,shopping,11,7,1,3.0
3127,short,323,156,52,115.0
3128,shorted,25,9,9,7.0
3129,shorter,7,3,2,2.0
3130,shorting,42,21,6,15.0
3131,shortly,7,4,2,1.0
3132,shorts,18,7,5,6.0
3133,shot,47,22,15,10.0
3134,shots,4,1,2,1.0
3135,shoulda,18,6,2,10.0
3136,shoulders,32,8,3,21.0
3137,shouldve,4,3,1,0.0
3138,shout,41,23,6,12.0
3139,shoutout,30,4,6,20.0
3140,show,143,82,17,44.0
3141,showed,16,11,4,1.0
3142,showing,41,31,4,6.0
3143,shown,5,2,3,0.0
3144,shows,30,18,5,7.0
3145,shut,19,3,4,12.0
3146,shutdown,3,1,1,1.0
3147,shutting,13,8,2,3.0
3148,sick,39,6,30,3.0
3149,side,119,72,23,24.0
3150,sidelines,7,4,2,1.0
3151,sides,45,29,5,11.0
3152,sideways,22,5,6,11.0
3153,sign,60,28,10,22.0
3154,signal,186,113,21,52.0
3155,signals,174,82,21,71.0
3156,signed,15,7,1,7.0
3157,significant,8,5,2,1.0
3158,signing,6,5,1,0.0
3159,signs,15,9,3,3.0
3160,silver,25,15,3,7.0
3161,similar,38,16,2,20.0
3162,simple,28,12,7,9.0
3163,simply,9,6,2,1.0
3164,since,374,186,60,128.0
3165,single,45,21,11,13.0
3166,sink,4,3,1,0.0
3167,sir,69,56,5,8.0
3168,sit,32,23,8,1.0
3169,site,20,13,2,5.0
3170,sitting,53,32,6,15.0
3171,situation,24,12,7,5.0
3172,six,13,7,1,5.0
3173,size,38,19,3,16.0
3174,sized,3,2,1,0.0
3175,sizes,6,3,3,0.0
3176,skeptical,4,2,2,0.0
3177,sketchy,10,6,1,3.0
3178,skies,2,1,1,0.0
3179,skills,11,8,2,1.0
3180,skinny,6,2,3,1.0
3181,sky,8,2,1,5.0
3182,skyy,3,2,1,0.0
3183,sl,33,17,10,6.0
3184,slack,6,1,1,4.0
3185,slammed,4,1,1,2.0
3186,sleep,58,16,8,34.0
3187,sleeping,19,10,4,5.0
3188,slide,4,1,1,2.0
3189,slight,27,9,2,16.0
3190,slightly,29,11,11,7.0
3191,slim,6,3,1,2.0
3192,slow,77,40,11,26.0
3193,slowly,60,33,3,24.0
3194,sma,8,4,1,3.0
3195,smal,2,1,1,0.0
3196,small,479,283,77,119.0
3197,small_blue_diamond,10,9,1,0.0
3198,smaller,37,26,1,10.0
3199,smart,46,30,11,5.0
3200,smash,9,6,1,2.0
3201,smh,32,6,24,2.0
3202,smoke,4,1,2,1.0
3203,smoking,5,3,1,1.0
3204,smth,4,1,2,1.0
3205,snap,92,49,9,34.0
3206,sndl,48,13,9,26.0
3207,sneakers,2,1,1,0.0
3208,snmp,4,1,1,2.0
3209,snow,31,13,6,12.0
3210,snowflake,5,3,1,1.0
3211,social,19,11,3,5.0
3212,society,7,2,1,4.0
3213,soda,3,2,1,0.0
3214,soft,2,1,1,0.0
3215,softballs,6,3,3,0.0
3216,software,13,4,2,7.0
3217,sold,954,405,96,453.0
3218,solid,129,121,8,0.0
3219,solo,36,14,3,19.0
3220,somebody,25,6,14,5.0
3221,somehow,24,13,3,8.0
3222,someone,189,97,36,56.0
3223,something,258,154,39,65.0
3224,sometime,28,13,4,11.0
3225,sometimes,60,37,8,15.0
3226,somewhat,10,7,2,1.0
3227,son,26,5,12,9.0
3228,sonn,4,1,1,2.0
3229,sony,4,1,2,1.0
3230,soon,217,98,30,89.0
3231,sooner,17,7,2,8.0
3232,sooo,13,8,1,4.0
3233,sorry,117,36,77,4.0
3234,sort,16,9,3,4.0
3235,sound,22,11,6,5.0
3236,sounds,73,58,10,5.0
3237,source,20,14,1,5.0
3238,sources,7,4,1,2.0
3239,south,8,5,2,1.0
3240,sp,17,2,6,9.0
3241,sp500,3,2,1,0.0
3242,spac,39,15,3,21.0
3243,space,25,12,4,9.0
3244,spacs,32,20,3,9.0
3245,spam,15,1,13,1.0
3246,spammers,2,1,1,0.0
3247,spaq,48,10,7,31.0
3248,spce,52,12,7,33.0
3249,speak,27,18,1,8.0
3250,speaker,3,2,1,0.0
3251,special,21,18,3,0.0
3252,specialty,3,1,2,0.0
3253,specific,23,13,3,7.0
3254,specifically,16,4,3,9.0
3255,specified,2,1,1,0.0
3256,speculation,17,4,4,9.0
3257,speech,9,5,3,1.0
3258,speed,7,5,2,0.0
3259,spelled,36,1,35,0.0
3260,spend,30,22,4,4.0
3261,spent,29,15,3,11.0
3262,spi,36,15,2,19.0
3263,spike,42,26,6,10.0
3264,spikes,10,7,2,1.0
3265,spit,3,2,1,0.0
3266,split,75,33,7,35.0
3267,spoke,6,1,1,4.0
3268,spoon,4,1,3,0.0
3269,sporadic,11,6,5,0.0
3270,sports,13,1,6,6.0
3271,spot,47,30,4,13.0
3272,spotify,5,3,1,1.0
3273,spots,10,4,3,3.0
3274,spread,155,81,18,56.0
3275,spreading,2,1,1,0.0
3276,spreads,132,63,22,47.0
3277,spreadsheet,9,4,3,2.0
3278,spring,5,3,1,1.0
3279,spt,2,1,1,0.0
3280,sptn,3,1,1,1.0
3281,spwr,6,2,1,3.0
3282,spy,727,317,108,302.0
3283,sq,102,39,10,53.0
3284,sqqq,57,28,5,24.0
3285,ss,9,4,3,2.0
3286,ssn,4,2,1,1.0
3287,stable,14,12,2,0.0
3288,stacks,12,7,1,4.0
3289,stage,5,3,1,1.0
3290,stand,11,8,1,2.0
3291,standard,12,6,2,4.0
3292,standing,5,1,3,1.0
3293,stare,5,1,1,3.0
3294,start,375,239,44,92.0
3295,started,245,117,36,92.0
3296,starting,171,71,22,78.0
3297,starts,42,18,12,12.0
3298,state,28,13,6,9.0
3299,statements,4,2,1,1.0
3300,states,23,13,6,4.0
3301,stationary,13,5,2,6.0
3302,statistical,6,5,1,0.0
3303,statistically,6,5,1,0.0
3304,statistics,4,2,1,1.0
3305,stats,17,3,4,10.0
3306,status,83,16,6,61.0
3307,stay,134,82,16,36.0
3308,stayed,11,7,3,1.0
3309,staying,21,11,3,7.0
3310,stays,19,7,1,11.0
3311,steadily,6,5,1,0.0
3312,steal,5,1,3,1.0
3313,steam,8,1,4,3.0
3314,steelers,2,1,1,0.0
3315,step,14,9,1,4.0
3316,steps,5,2,3,0.0
3317,steroids,5,1,3,1.0
3318,stg,8,1,3,4.0
3319,stick,23,16,2,5.0
3320,still,1031,542,152,337.0
3321,stim,22,9,8,5.0
3322,stimmy,6,2,2,2.0
3323,stimulus,111,45,23,43.0
3324,stock,828,404,151,273.0
3325,stocks,631,313,102,216.0
3326,stone,5,2,1,2.0
3327,stonk,12,3,1,8.0
3328,stonks,46,6,8,32.0
3329,stop,189,58,125,6.0
3330,stopped,40,13,27,0.0
3331,stops,7,2,5,0.0
3332,store,18,10,5,3.0
3333,stores,24,15,5,4.0
3334,story,31,10,2,19.0
3335,straddle,16,5,1,10.0
3336,straddles,4,1,3,0.0
3337,straight,62,45,16,1.0
3338,strange,7,1,5,1.0
3339,strangle,39,27,2,10.0
3340,strategies,34,20,3,11.0
3341,strategy,115,62,30,23.0
3342,stream,36,20,5,11.0
3343,streaming,8,1,1,6.0
3344,street,20,13,1,6.0
3345,strength,23,14,2,7.0
3346,strengthen,4,1,3,0.0
3347,stress,28,15,9,4.0
3348,strict,5,2,1,2.0
3349,strictly,3,2,1,0.0
3350,strike,85,34,51,0.0
3351,strikes,16,8,6,2.0
3352,strong,144,140,4,0.0
3353,strongest,3,2,1,0.0
3354,strongly,10,8,2,0.0
3355,struggle,8,1,7,0.0
3356,stuck,24,12,12,0.0
3357,students,8,3,2,3.0
3358,studies,4,1,3,0.0
3359,study,21,8,4,9.0
3360,studying,22,8,7,7.0
3361,stuff,176,95,28,53.0
3362,stupid,64,13,50,1.0
3363,stupidly,3,1,2,0.0
3364,style,21,8,5,8.0
3365,sub,30,14,6,10.0
3366,subscribe,10,5,4,1.0
3367,substantial,3,2,1,0.0
3368,substantially,5,4,1,0.0
3369,succeed,4,2,2,0.0
3370,suck,16,2,12,2.0
3371,sucked,3,1,2,0.0
3372,sucker,5,2,3,0.0
3373,sucks,39,15,21,3.0
3374,sudden,2,1,1,0.0
3375,suddenly,3,2,1,0.0
3376,sued,3,1,1,1.0
3377,suggest,24,11,5,8.0
3378,suggested,8,7,1,0.0
3379,suggestion,9,8,1,0.0
3380,suggests,3,1,2,0.0
3381,sum,16,9,3,4.0
3382,summer,16,8,1,7.0
3383,sunday,50,34,3,13.0
3384,sup,24,4,2,18.0
3385,super,94,84,6,4.0
3386,supplies,3,1,2,0.0
3387,supply,49,19,18,12.0
3388,support,184,166,15,3.0
3389,supports,6,3,2,1.0
3390,suppose,13,3,6,4.0
3391,supposed,30,16,3,11.0
3392,supremacist,2,1,1,0.0
3393,supremacy,3,1,2,0.0
3394,supreme,9,8,1,0.0
3395,suprised,6,3,2,1.0
3396,sure,482,351,115,16.0
3397,surely,6,5,1,0.0
3398,surge,7,2,1,4.0
3399,surpassed,4,3,1,0.0
3400,surprise,17,12,2,3.0
3401,surprised,31,21,7,3.0
3402,surprising,3,1,2,0.0
3403,survey,5,4,1,0.0
3404,survive,8,4,2,2.0
3405,suspect,2,1,1,0.0
3406,suspicious,2,1,1,0.0
3407,sustainable,5,4,1,0.0
3408,swear,19,5,11,3.0
3409,sweep,5,4,1,0.0
3410,swim,26,5,1,20.0
3411,swing,577,242,68,267.0
3412,swinging,116,47,7,62.0
3413,swings,89,48,5,36.0
3414,switch,24,8,6,10.0
3415,switched,18,8,5,5.0
3416,switching,3,1,1,1.0
3417,symbol,40,5,35,0.0
3418,sympathy,12,9,2,1.0
3419,syndrome,2,1,1,0.0
3420,system,48,21,14,13.0
3421,systems,3,2,1,0.0
3422,ta,527,35,13,479.0
3423,tab,57,32,11,14.0
3424,table,41,20,4,17.0
3425,tabs,12,2,6,4.0
3426,tag,11,3,4,4.0
3427,tail,3,2,1,0.0
3428,tailwinds,2,1,1,0.0
3429,take,638,379,95,164.0
3430,takeaway,3,1,1,1.0
3431,taken,27,22,4,1.0
3432,takes,44,12,10,22.0
3433,taking,228,144,29,55.0
3434,talk,155,84,24,47.0
3435,talked,36,25,7,4.0
3436,talking,107,49,21,37.0
3437,talks,26,14,6,6.0
3438,tank,34,14,3,17.0
3439,tanked,13,1,4,8.0
3440,tanking,6,2,3,1.0
3441,tanks,8,4,3,1.0
3442,tap,10,6,1,3.0
3443,target,113,66,5,42.0
3444,targeted,4,3,1,0.0
3445,targeting,3,1,2,0.0
3446,targets,27,16,3,8.0
3447,taste,15,13,1,1.0
3448,tastyworks,18,7,3,8.0
3449,taught,20,15,3,2.0
3450,tax,65,32,6,27.0
3451,taxed,3,2,1,0.0
3452,taxes,38,18,3,17.0
3453,tb,10,4,4,2.0
3454,tbf,3,1,1,1.0
3455,tbh,64,23,18,23.0
3456,td,111,48,12,51.0
3457,tda,14,6,3,5.0
3458,tdoc,16,8,1,7.0
3459,teach,29,13,4,12.0
3460,teachers,3,1,1,1.0
3461,team,63,41,5,17.0
3462,teams,6,2,1,3.0
3463,tear,3,1,1,1.0
3464,tearing,3,2,1,0.0
3465,tease,2,1,1,0.0
3466,tech,155,49,50,56.0
3467,technical,47,34,5,8.0
3468,technically,21,9,5,7.0
3469,technicals,26,11,2,13.0
3470,technology,17,9,1,7.0
3471,techs,3,2,1,0.0
3472,ted,7,2,2,3.0
3473,teenager,4,1,3,0.0
3474,teeth,2,1,1,0.0
3475,teh,9,5,1,3.0
3476,tell,135,70,29,36.0
3477,tells,13,9,3,1.0
3478,temporarily,2,1,1,0.0
3479,ten,36,8,15,13.0
3480,tend,16,8,4,4.0
3481,tendies,40,15,5,20.0
3482,tends,7,3,2,2.0
3483,tensions,3,1,2,0.0
3484,term,432,268,52,112.0
3485,termination,3,2,1,0.0
3486,terms,22,14,3,5.0
3487,terrible,11,4,6,1.0
3488,tesla,307,143,51,113.0
3489,test,69,27,21,21.0
3490,tested,27,19,5,3.0
3491,testing,33,9,4,20.0
3492,tests,13,10,1,2.0
3493,teum,4,1,2,1.0
3494,texas,14,5,1,8.0
3495,text,18,9,1,8.0
3496,tf,26,6,3,17.0
3497,thank,430,397,29,4.0
3498,thanks,1235,1214,11,10.0
3499,thanksgiving,33,26,1,6.0
3500,thats,237,107,55,75.0
3501,theepochtimes,8,2,6,0.0
3502,theres,32,11,12,9.0
3503,theta,46,12,19,15.0
3504,theyre,11,5,4,2.0
3505,thing,244,135,39,70.0
3506,things,135,82,24,29.0
3507,think,1245,528,198,519.0
3508,thinking,203,90,24,89.0
3509,thinkorswim,16,4,2,10.0
3510,thinks,26,12,3,11.0
3511,third,32,19,6,7.0
3512,tho,187,86,37,64.0
3513,thorough,3,2,1,0.0
3514,thou,5,1,1,3.0
3515,though,320,164,59,97.0
3516,thought,198,93,33,72.0
3517,thoughts,159,39,18,102.0
3518,thousand,5,4,1,0.0
3519,thousands,11,8,1,2.0
3520,thread,11,7,2,2.0
3521,threat,10,2,4,4.0
3522,three,33,13,12,8.0
3523,threw,11,4,3,4.0
3524,thrive,3,2,1,0.0
3525,throughout,21,12,2,7.0
3526,throw,42,27,4,11.0
3527,throwing,10,2,3,5.0
3528,thursday,85,35,9,41.0
3529,thus,5,4,1,0.0
3530,ticker,73,28,8,37.0
3531,tickers,40,25,4,11.0
3532,tied,18,12,3,3.0
3533,tier,11,10,1,0.0
3534,ties,13,1,9,3.0
3535,tight,25,14,5,6.0
3536,tighter,6,1,3,2.0
3537,tik,5,1,2,2.0
3538,tiktok,21,8,3,10.0
3539,til,42,21,8,13.0
3540,till,106,48,16,42.0
3541,time,1043,573,172,298.0
3542,timed,7,5,2,0.0
3543,timeframe,10,7,3,0.0
3544,times,157,97,23,37.0
3545,timing,12,10,2,0.0
3546,tiny,9,4,1,4.0
3547,tips,11,6,3,2.0
3548,tired,24,5,16,3.0
3549,titan,6,3,1,2.0
3550,tits,6,4,2,0.0
3551,tlry,33,14,4,15.0
3552,tm,20,11,4,5.0
3553,tmbr,2,1,1,0.0
3554,tmr,46,13,6,27.0
3555,tmrw,82,31,22,29.0
3556,tnxp,8,1,2,5.0
3557,toast,4,2,2,0.0
3558,today,1550,861,225,464.0
3559,toes,5,3,1,1.0
3560,together,22,15,4,3.0
3561,toilet,5,1,1,3.0
3562,tok,5,1,2,2.0
3563,told,64,35,5,24.0
3564,tolerate,2,1,1,0.0
3565,tomatoes,5,2,1,2.0
3566,tomm,2,1,1,0.0
3567,tommorow,38,19,4,15.0
3568,tomorrow,795,409,96,290.0
3569,tomorrows,4,2,1,1.0
3570,tomrorow,2,1,1,0.0
3571,ton,38,14,15,9.0
3572,tonight,103,62,13,28.0
3573,tons,17,13,2,2.0
3574,took,400,262,51,87.0
3575,tool,9,4,1,4.0
3576,top,143,123,11,9.0
3577,topic,33,13,2,18.0
3578,topics,10,4,1,5.0
3579,toronto,3,1,1,1.0
3580,torture,5,4,1,0.0
3581,tos,168,77,25,66.0
3582,total,98,86,3,9.0
3583,totally,19,6,4,9.0
3584,touch,24,17,1,6.0
3585,touched,14,8,3,3.0
3586,touching,9,3,1,5.0
3587,tough,22,14,6,2.0
3588,tougher,5,2,2,1.0
3589,toward,11,10,1,0.0
3590,towards,44,24,5,15.0
3591,tqqq,6,3,3,0.0
3592,tracing,9,6,3,0.0
3593,track,43,26,2,15.0
3594,tracking,7,2,1,4.0
3595,trade,1191,592,159,440.0
3596,traded,78,45,7,26.0
3597,trademate,219,177,8,34.0
3598,trader,97,67,9,21.0
3599,traders,87,45,23,19.0
3600,trades,372,219,42,111.0
3601,tradestation,4,3,1,0.0
3602,trading,793,428,92,273.0
3603,tradingview,134,28,6,100.0
3604,trail,13,6,3,4.0
3605,trailing,19,13,6,0.0
3606,train,44,12,12,20.0
3607,training,8,7,1,0.0
3608,transaction,6,4,2,0.0
3609,transparent,2,1,1,0.0
3610,trap,17,5,12,0.0
3611,trash,15,2,3,10.0
3612,travel,13,6,2,5.0
3613,travelling,2,1,1,0.0
3614,treats,4,3,1,0.0
3615,trend,103,53,18,32.0
3616,trending,13,6,1,6.0
3617,trendline,37,10,12,15.0
3618,trendlines,15,10,2,3.0
3619,trends,26,21,1,4.0
3620,trial,162,95,2,65.0
3621,trials,6,2,3,1.0
3622,triangle,45,18,3,24.0
3623,tried,56,33,13,10.0
3624,trigger,15,10,3,2.0
3625,triggered,8,7,1,0.0
3626,trillion,8,4,1,3.0
3627,trim,408,74,15,319.0
3628,trimmed,573,160,21,392.0
3629,trimming,305,65,19,221.0
3630,triple,17,11,1,5.0
3631,trne,5,3,1,1.0
3632,troll,4,2,1,1.0
3633,trouble,16,4,11,1.0
3634,trucks,7,2,3,2.0
3635,true,125,91,6,28.0
3636,truly,20,18,2,0.0
3637,trump,339,155,59,125.0
3638,trumpet,2,1,1,0.0
3639,trumps,10,5,1,4.0
3640,trumpthump,4,1,1,2.0
3641,trust,65,51,14,0.0
3642,trusting,22,21,1,0.0
3643,truth,8,5,1,2.0
3644,trvn,5,2,2,1.0
3645,try,191,104,24,63.0
3646,trying,259,134,46,79.0
3647,tryna,28,10,8,10.0
3648,trynna,4,3,1,0.0
3649,tsla,508,210,48,250.0
3650,ttd,29,12,2,15.0
3651,ttm,5,2,1,2.0
3652,tuesday,81,35,9,37.0
3653,tune,5,1,2,2.0
3654,tuned,12,5,1,6.0
3655,tup,8,2,3,3.0
3656,turn,59,34,11,14.0
3657,turned,52,30,15,7.0
3658,turning,12,7,2,3.0
3659,turns,11,6,2,3.0
3660,turnt,4,1,2,1.0
3661,tutorials,9,6,1,2.0
3662,tv,11,3,2,6.0
3663,tweaking,4,1,3,0.0
3664,tweet,39,17,9,13.0
3665,tweeted,11,4,5,2.0
3666,tweets,16,8,2,6.0
3667,twice,38,19,6,13.0
3668,twitter,148,44,20,84.0
3669,two,272,137,43,92.0
3670,twtr,17,3,4,10.0
3671,type,54,21,6,27.0
3672,types,7,3,2,2.0
3673,typical,4,1,1,2.0
3674,typically,39,17,11,11.0
3675,typing,23,13,2,8.0
3676,u,518,185,103,230.0
3677,uber,14,8,1,5.0
3678,uco,7,4,1,2.0
3679,ufc,2,1,1,0.0
3680,ugaz,11,3,5,3.0
3681,ugly,18,3,15,0.0
3682,ui,8,7,1,0.0
3683,uk,21,10,2,9.0
3684,ulta,17,11,1,5.0
3685,ultra,6,4,1,1.0
3686,un,6,5,1,0.0
3687,unaffected,4,1,1,2.0
3688,uncertain,8,1,7,0.0
3689,uncertainty,11,5,6,0.0
3690,uncle,5,3,1,1.0
3691,unclear,5,1,4,0.0
3692,uncomfortable,3,1,2,0.0
3693,understand,88,47,21,20.0
3694,understanding,12,8,2,2.0
3695,understood,4,2,1,1.0
3696,undervalued,12,3,2,7.0
3697,unexpected,3,1,2,0.0
3698,unfortunately,28,11,17,0.0
3699,uninstall,2,1,1,0.0
3700,unique,5,1,3,1.0
3701,unity,4,3,1,0.0
3702,university,12,1,1,10.0
3703,unknown,15,4,1,10.0
3704,unless,82,34,23,25.0
3705,unlike,8,6,1,1.0
3706,unlimited,12,7,2,3.0
3707,unno,2,1,1,0.0
3708,unprecedented,2,1,1,0.0
3709,unpredictable,11,7,3,1.0
3710,unstable,5,3,2,0.0
3711,unsure,7,5,1,1.0
3712,uone,15,1,5,9.0
3713,uonek,13,2,1,10.0
3714,upcoming,35,20,2,13.0
3715,update,114,54,16,44.0
3716,updated,41,25,4,12.0
3717,updates,17,3,7,7.0
3718,upgrade,111,62,10,39.0
3719,upgraded,34,22,4,8.0
3720,upgrading,21,10,3,8.0
3721,uploaded,3,2,1,0.0
3722,upon,14,11,1,2.0
3723,upper,9,5,1,3.0
3724,ups,47,27,6,14.0
3725,upset,9,4,4,1.0
3726,upside,51,23,8,20.0
3727,upto,6,4,2,0.0
3728,uptrend,34,24,4,6.0
3729,upward,32,13,14,5.0
3730,upwards,6,3,1,2.0
3731,ur,122,68,21,33.0
3732,uri,15,12,1,2.0
3733,urs,5,1,3,1.0
3734,us,442,186,133,123.0
3735,usa,11,4,3,4.0
3736,usd,52,31,8,13.0
3737,use,407,185,44,178.0
3738,used,124,78,18,28.0
3739,user,10,5,2,3.0
3740,users,10,5,2,3.0
3741,uses,22,10,4,8.0
3742,using,178,96,37,45.0
3743,uso,7,5,1,1.0
3744,usual,35,22,1,12.0
3745,usually,121,69,19,33.0
3746,uvxy,35,10,9,16.0
3747,v,105,35,2,68.0
3748,va,11,4,1,6.0
3749,vacation,17,14,1,2.0
3750,vaccine,116,50,26,40.0
3751,vaccines,21,7,5,9.0
3752,vale,6,4,1,1.0
3753,validity,3,1,1,1.0
3754,valuation,3,1,1,1.0
3755,valuations,2,1,1,0.0
3756,value,96,83,12,1.0
3757,van,2,1,1,0.0
3758,various,4,2,1,1.0
3759,vax,5,4,1,0.0
3760,vc,16,4,4,8.0
3761,vehicles,13,5,3,5.0
3762,versed,3,1,2,0.0
3763,versus,6,4,2,0.0
3764,viav,6,3,3,0.0
3765,vice,8,1,2,5.0
3766,victory,16,10,1,5.0
3767,video,119,67,13,39.0
3768,videos,42,25,4,13.0
3769,view,262,15,4,243.0
3770,violin,6,1,1,4.0
3771,virtual,11,6,1,4.0
3772,virus,34,9,2,23.0
3773,vix,70,12,32,26.0
3774,vldr,7,1,4,2.0
3775,vocabulary,2,1,1,0.0
3776,voice,166,85,13,68.0
3777,vol,14,6,1,7.0
3778,volatile,23,14,3,6.0
3779,volatility,70,32,18,20.0
3780,volume,198,78,32,88.0
3781,volumes,2,1,1,0.0
3782,vote,67,22,6,39.0
3783,voted,12,3,1,8.0
3784,votes,19,8,4,7.0
3785,voting,23,2,13,8.0
3786,vpn,4,1,1,2.0
3787,vrm,3,2,1,0.0
3788,vrs,4,1,1,2.0
3789,vs,31,17,4,10.0
3790,vulnerable,5,2,3,0.0
3791,vvpr,13,7,1,5.0
3792,vwap,38,14,6,18.0
3793,vxx,69,35,5,29.0
3794,w,69,28,10,31.0
3795,wa,2,1,1,0.0
3796,wack,6,2,2,2.0
3797,wafer,2,1,1,0.0
3798,wait,331,143,68,120.0
3799,waiting,142,68,16,58.0
3800,wake,34,17,5,12.0
3801,waking,6,4,1,1.0
3802,walk,11,4,1,6.0
3803,walked,14,9,1,4.0
3804,wall,22,12,2,8.0
3805,wallet,3,2,1,0.0
3806,walmart,15,5,2,8.0
3807,wanna,105,52,19,34.0
3808,want,545,428,98,19.0
3809,wanted,103,55,14,34.0
3810,wanting,8,6,1,1.0
3811,wants,78,37,12,29.0
3812,war,37,3,23,11.0
3813,warrant,13,12,1,0.0
3814,warrants,24,21,1,2.0
3815,warren,11,3,3,5.0
3816,wasnt,78,51,13,14.0
3817,waste,4,1,3,0.0
3818,wasted,3,1,2,0.0
3819,wasting,2,1,1,0.0
3820,wat,8,2,1,5.0
3821,watch,377,155,67,155.0
3822,watched,24,9,7,8.0
3823,watchers,3,2,1,0.0
3824,watching,202,78,35,89.0
3825,watchlist,101,43,6,52.0
3826,watchlists,17,6,2,9.0
3827,water,11,2,2,7.0
3828,waters,5,2,3,0.0
3829,wave,68,26,4,38.0
3830,way,442,255,85,102.0
3831,ways,26,10,8,8.0
3832,wb,6,3,1,2.0
3833,weak,28,11,11,6.0
3834,wealth,7,6,1,0.0
3835,wear,12,7,1,4.0
3836,wearing,5,2,2,1.0
3837,weather,6,2,2,2.0
3838,website,27,14,2,11.0
3839,websites,5,2,1,2.0
3840,webull,151,77,20,54.0
3841,wedge,53,15,31,7.0
3842,wednesday,50,26,2,22.0
3843,weed,22,6,4,12.0
3844,week,1163,657,166,340.0
3845,weekend,180,107,23,50.0
3846,weekends,14,5,2,7.0
3847,weeklies,7,2,2,3.0
3848,weekly,65,31,9,25.0
3849,weeks,225,116,32,77.0
3850,wei,5,1,1,3.0
3851,weight,8,5,2,1.0
3852,weighted,4,2,1,1.0
3853,weird,35,11,21,3.0
3854,well,657,595,44,18.0
3855,welp,12,3,1,8.0
3856,went,302,155,49,98.0
3857,wesmart,17,1,1,15.0
3858,west,11,3,2,6.0
3859,weve,6,4,2,0.0
3860,wfc,10,3,3,4.0
3861,whack,2,1,1,0.0
3862,whales,3,1,1,1.0
3863,whatever,67,25,11,31.0
3864,whats,93,25,6,62.0
3865,wheel,8,2,3,3.0
3866,whenever,36,21,3,12.0
3867,whereas,3,2,1,0.0
3868,whether,21,14,2,5.0
3869,white,40,8,9,23.0
3870,whoever,39,30,2,7.0
3871,whole,155,57,38,60.0
3872,whos,7,4,2,1.0
3873,whose,5,4,1,0.0
3874,wi,6,2,2,2.0
3875,wicks,11,1,5,5.0
3876,wide,15,10,1,4.0
3877,wife,28,18,4,6.0
3878,wild,25,13,2,10.0
3879,willing,27,16,7,4.0
3880,win,219,204,8,7.0
3881,winner,21,16,4,1.0
3882,winners,27,24,2,1.0
3883,winning,50,45,5,0.0
3884,winrate,8,2,4,2.0
3885,winter,7,1,6,0.0
3886,wipe,3,2,1,0.0
3887,wish,133,123,7,3.0
3888,withdraw,11,4,1,6.0
3889,within,47,25,9,13.0
3890,without,98,50,26,22.0
3891,wizard,7,1,4,2.0
3892,wkhs,78,36,5,37.0
3893,wl,11,5,1,5.0
3894,woah,15,1,1,13.0
3895,woke,17,6,6,5.0
3896,wonder,52,14,19,19.0
3897,wondered,4,1,1,2.0
3898,wondering,62,27,11,24.0
3899,wont,104,57,16,31.0
3900,word,43,18,11,14.0
3901,words,17,4,7,6.0
3902,work,389,237,52,100.0
3903,worked,45,26,6,13.0
3904,workers,11,5,1,5.0
3905,workhorse,12,2,1,9.0
3906,working,95,61,5,29.0
3907,works,77,36,17,24.0
3908,workshop,4,1,1,2.0
3909,world,59,26,18,15.0
3910,worried,36,22,10,4.0
3911,worries,16,2,14,0.0
3912,worry,34,15,13,6.0
3913,worse,38,11,24,3.0
3914,worst,22,3,19,0.0
3915,worth,153,131,18,4.0
3916,worthless,15,3,12,0.0
3917,would,981,603,169,209.0
3918,woulda,10,7,1,2.0
3919,wouldnt,94,46,21,27.0
3920,wouldve,6,4,1,1.0
3921,wow,162,153,2,7.0
3922,write,22,14,6,2.0
3923,writing,8,7,1,0.0
3924,wrong,184,52,131,1.0
3925,wrote,4,3,1,0.0
3926,wsb,42,22,6,14.0
3927,wsj,13,2,2,9.0
3928,wtf,75,1,70,4.0
3929,ww,5,1,2,2.0
3930,wwe,10,3,2,5.0
3931,wwr,42,10,3,29.0
3932,www,513,63,12,438.0
3933,x,145,34,10,101.0
3934,xbox,19,11,2,6.0
3935,xd,39,29,2,8.0
3936,xers,17,7,3,7.0
3937,xom,18,7,1,10.0
3938,xpev,20,3,6,11.0
3939,xrp,12,3,2,7.0
3940,xtrades,3,1,2,0.0
3941,xx,11,4,3,4.0
3942,ya,146,61,22,63.0
3943,yah,13,3,5,5.0
3944,yahoo,53,5,4,44.0
3945,yall,85,32,20,33.0
3946,yalls,19,13,2,4.0
3947,yay,16,14,1,1.0
3948,ye,21,7,1,13.0
3949,yea,178,57,47,74.0
3950,yeah,782,658,106,18.0
3951,year,305,170,44,91.0
3952,yearly,29,14,6,9.0
3953,years,170,94,18,58.0
3954,yelling,3,1,1,1.0
3955,yep,100,93,4,3.0
3956,yes,399,367,18,14.0
3957,yessir,41,10,2,29.0
3958,yesterday,337,168,36,133.0
3959,yesterdays,11,9,1,1.0
3960,yet,184,69,47,68.0
3961,yield,10,7,1,2.0
3962,yikes,15,1,1,13.0
3963,yo,48,10,7,31.0
3964,yobama,4,1,2,1.0
3965,yolo,93,83,3,7.0
3966,yolod,4,1,3,0.0
3967,young,24,6,3,15.0
3968,youre,22,10,4,8.0
3969,youtu,154,68,9,77.0
3970,youtube,102,26,11,65.0
3971,youve,6,4,1,1.0
3972,yt,22,10,3,9.0
3973,yuan,32,12,1,19.0
3974,yup,101,27,9,65.0
3975,z,17,11,2,4.0
3976,zero,15,6,9,0.0
3977,zm,126,54,14,58.0
3978,znga,26,11,3,12.0
3979,zone,22,9,5,8.0
3980,zoom,40,11,3,26.0
